"Kulak_rank","ORF","Kulak_abundance"
1,"YGR192C",1575311
2,"YHR174W",929818
3,"YKL060C",847652
4,"YLR044C",705652
5,"YBR118W;YPR080W",630115
6,"YCR012W",561265
7,"YOL086C",547967
8,"YKL152C",522238
9,"YLR109W",44354
10,"YOL039W",420789
11,"YAL038W",404162
12,"YDR050C",395237
13,"YAL005C",37376
14,"YNL209W",356434
15,"YLL045C",309512
16,"YAL003W",304332
17,"YOR096W",300804
18,"YML024W;YDR447C",297762
19,"YDR155C",296564
20,"YHL015W",281698
21,"YDR382W",279409
22,"YDR224C;YBL002W",274181
23,"YDL075W",273991
24,"YEL034W",273594
25,"YGL147C",265169
26,"YOR369C",258298
27,"YFL014W",254757
28,"YDL083C;YMR143W;YDL083C;YMR143W",250617
29,"YLR043C",243325
30,"YMR186W",237929
31,"YIL053W",235727
32,"YOL127W",23211
33,"YDR450W;YML026C;YDR450W;YML026C",232082
34,"YHR010W;YDR471W",227859
35,"YOL121C;YNL302C",227054
36,"YMR116C",22518
37,"YML063W",224652
38,"YGL103W",223704
39,"YBR048W;YDR025W;YBR048W;YDR025W",213323
40,"YDL081C",212462
41,"YHR193C",208442
42,"YKL056C",205582
43,"YBR196C",203895
44,"YGL076C",203706
45,"YLL050C",201066
46,"YJL138C;YKR059W",196313
47,"YKR057W;YJL136C",19588
48,"YGR118W;YPR132W;YGR118W;YPR132W",194438
49,"YDR418W;YEL054C;YDR418W;YEL054C",194223
50,"YLR340W",190512
51,"YNL096C",185693
52,"YNL178W",185482
53,"YGL030W",185375
54,"YER177W",182011
55,"YDR385W;YOR133W",181723
56,"YGL123W",181226
57,"YGL135W;YPL220W;YGL135W;YPL220W",180247
58,"YLR249W",179971
59,"YKL156W;YHR021C",177207
60,"YBR011C",175128
61,"YML028W",171854
62,"YJR009C",171296
63,"YOL109W",168484
64,"YLR448W",166158
65,"YPL079W",165715
66,"YOR063W",163811
67,"YBR009C;YNL030W",159789
68,"YKL180W;YJL177W",15839
69,"YLR075W",158153
70,"YLR167W;YLL039C",156086
71,"YPR102C;YGR085C",153533
72,"YNL069C",152096
73,"YMR230W;YOR293W",15124
74,"YER043C",148844
75,"YBL092W",143779
76,"YGR037C",142817
77,"YGL253W",140914
78,"YDL136W;YDL191W;YDL136W;YDL191W",140012
79,"YNL135C",13922
80,"YBR072W",139024
81,"YER074W;YIL069C;YER074W;YIL069C",138708
82,"YLR355C",136282
83,"YPL037C",135399
84,"YDL130W",134737
85,"YOR332W",133366
86,"YIL051C",131049
87,"YJL190C;YLR367W",129462
88,"YNL055C",126951
89,"YPL106C",126572
90,"YJR123W",126214
91,"YJL052W",125724
92,"YLR344W;YGR034W",12572
93,"YLR150W",123605
94,"YJR104C",120616
95,"YNL301C;YOL120C;YNL301C;YOL120C",120489
96,"YBR181C;YPL090C;YBR181C;YPL090C",120281
97,"YFL039C",117202
98,"YPL061W",116802
99,"YGR254W",11616
100,"YLR333C",115546
101,"YOR020C",114607
102,"YGL008C;YPL036W",113952
103,"YLR058C",112117
104,"YGR180C",111558
105,"YDL055C",111489
106,"YOL040C",109916
107,"YHR183W",109874
108,"YCL035C",109735
109,"YHR203C;YJR145C;YHR203C;YJR145C",108839
110,"YDR226W",107855
111,"YLR061W",107786
112,"YFR053C",107049
113,"YOR185C",106069
114,"YLR354C",104973
115,"YGR209C",100706
116,"YEL026W",100354
117,"YDR064W",99438
118,"YHR087W",97165
119,"YER165W",95624
120,"YGR148C",95204
121,"YPL081W",92949
122,"YJR139C",92257
123,"YLR029C",9198
124,"YKL081W",91516
125,"YCR031C;YJL191W",91187
126,"YGL009C",88231
127,"YOR375C",88121
128,"YBR031W",87813
129,"YHL001W",86587
130,"YHR141C;YNL162W;YHR141C;YNL162W",86531
131,"YOR298C-A",85474
132,"YGR155W",83744
133,"YFR031C-A;YIL018W;YFR031C-A;YIL018W",80579
134,"YBL027W;YBR084C-A;YBL027W;YBR084C-A",80265
135,"YPR069C",79734
136,"YOR234C",79585
137,"YJR105W",78869
138,"YHR039C-A",77786
139,"YLR264W;YOR167C",76989
140,"YHR208W",76379
141,"YPL131W",75121
142,"YBR082C",74664
143,"YLR259C",74167
144,"YBR109C",73972
145,"YDR454C",73696
146,"YOR230W",73381
147,"YBR106W",72859
148,"YKL216W",72832
149,"YGR282C",71336
150,"YPR145W",7117
151,"YBL072C;YER102W;YBL072C;YER102W",7116
152,"YJR045C",70548
153,"YML073C",69894
154,"YCR053W",69868
155,"YJR016C",69791
156,"YER091C",69482
157,"YDR023W",69374
158,"YDL124W",68691
159,"YLR185W",67996
160,"YPL249C-A",67862
161,"YDR225W;YBL003C",67315
162,"YCL043C",66237
163,"YER057C",65326
164,"YNL079C",65321
165,"YBR025C",64616
166,"YDL185W",6398
167,"YPL143W",6314
168,"YLR027C",6303
169,"YFL045C",6299
170,"YLL024C",62167
171,"YDR353W",61321
172,"YMR260C",59658
173,"YHR064C",59449
174,"YLR048W",5887
175,"YDR158W",58522
176,"YBL030C",58239
177,"YDR002W",58196
178,"YGL037C",57555
179,"YMR226C",56509
180,"YLR262C-A",55343
181,"YJR077C",5526
182,"YCL050C",54924
183,"YGR240C",5427
184,"YDR233C",53904
185,"YLR197W",53103
186,"YLL026W",52655
187,"YMR142C",52463
188,"YHR019C",5245
189,"YDR071C",52406
190,"YOR027W",5226
191,"YGL245W",51978
192,"YBR249C",51775
193,"YBR121C",50697
194,"YLR325C",49695
195,"YPL048W",49482
196,"YIL133C",49114
197,"YPL225W",48858
198,"YAL012W",48717
199,"YGR185C",48091
200,"YMR217W",48067
201,"YDR502C",48045
202,"YPR041W",47734
203,"YGL105W",47697
204,"YKL182W",47694
205,"YDL066W",47477
206,"YNL010W",47032
207,"YGL106W",46964
208,"YER023W",46563
209,"YPR074C",46486
210,"YER072W",45977
211,"YJR121W",45928
212,"YLR388W",45599
213,"YBR143C",45546
214,"YGR285C",45188
215,"YGL202W",45009
216,"YER120W",44858
217,"YFR032C-A",44668
218,"YHR072W-A",4465
219,"YML078W",44379
220,"YLR180W",44166
221,"YNL015W",44133
222,"YOR198C",4402
223,"YMR242C;YOR312C;YMR242C;YOR312C",44007
224,"YPL028W",43989
225,"YDL014W",43582
226,"YGR234W",43552
227,"YJL034W",43427
228,"YDL192W;YDL137W",43411
229,"YBR127C",43068
230,"YPL231W",4306
231,"YOL143C",43001
232,"YOR184W",42646
233,"YMR079W",42619
234,"YJL167W",4246
235,"YLL018C",42322
236,"YHR068W",42193
237,"YLR432W",41676
238,"YEL071W",41561
239,"YBL087C;YER117W;YBL087C;YER117W",415
240,"YNL064C",41251
241,"YML126C",41223
242,"YDL182W",41028
243,"YNL244C",40815
244,"YDR037W",40665
245,"YHL034C",40364
246,"YDR368W",40304
247,"YMR120C",40292
248,"YGL026C",40063
249,"YBL039C",40051
250,"YML106W",4005
251,"YFL038C",39828
252,"YLR441C",39708
253,"YBL076C",38983
254,"YGR094W",38983
255,"YPL160W",3898
256,"YGR086C",38882
257,"YDL126C",3872
258,"YLR304C",38578
259,"YIL043C",38509
260,"YDR341C",38375
261,"YGR204W",38331
262,"YKL080W",3825
263,"YKL035W",37991
264,"YFR044C",37888
265,"YJL026W",37879
266,"YDR086C",3744
267,"YHR143W-A",37088
268,"YPL154C",3691
269,"YIL041W",36774
270,"YDL125C",36562
271,"YHR020W",35865
272,"YMR099C",35718
273,"YOL139C",35615
274,"YDR033W",35235
275,"YPL004C",35149
276,"YNL220W",35131
277,"YDR513W",35119
278,"YML008C",34467
279,"YAR015W",34384
280,"YDR032C",34195
281,"YIL078W",34136
282,"YPR036W",33951
283,"YLR216C",33801
284,"YBR286W",33468
285,"YFL022C",33451
286,"YMR108W",33415
287,"YER062C",33407
288,"YLR060W",33352
289,"YDR298C",33001
290,"YMR072W",32764
291,"YIR037W",32716
292,"YJR094W-A;YPR043W;YJR094W-A;YPR043W",32667
293,"YLR359W",32589
294,"YBL099W",3233
295,"YML022W",32292
296,"YOR007C",32204
297,"YBR149W",32101
298,"YMR205C",31801
299,"YOR204W",318
300,"YJL130C",31369
301,"YDL084W",31304
302,"YGR008C",31275
303,"YER110C",31172
304,"YER025W",30911
305,"YCR088W",30791
306,"YKL150W",30603
307,"YDR129C",30402
308,"YNR050C",30319
309,"YER003C",30268
310,"YLR301W",30231
311,"YDR099W",30218
312,"YLR179C",30165
313,"YER178W",3005
314,"YNL138W",30014
315,"YLR420W",29989
316,"YFL018C",29984
317,"YHR089C",29947
318,"YOR335C",29775
319,"YJR007W",29694
320,"YPL218W",29612
321,"YOR122C",29465
322,"YKL067W",2945
323,"YOR285W",29411
324,"YPR191W",29386
325,"YGL148W",29173
326,"YKL142W",28949
327,"YMR146C",28803
328,"YDR500C",28792
329,"YBR085C-A",28774
330,"YKL117W",28577
331,"YNL281W",28484
332,"YMR083W",28092
333,"YKL085W",28008
334,"YHR008C",27932
335,"YJR109C",27875
336,"YPL237W",27862
337,"YDR304C",27838
338,"YGR124W",27628
339,"YNR034W-A",27579
340,"YGR264C",27428
341,"YNL208W",27172
342,"YHR104W",27121
343,"YER087C-B",26918
344,"YOR310C",269
345,"YPL091W",26867
346,"YGR027C",26845
347,"YOR209C",266
348,"YLR153C",26574
349,"YER009W",26132
350,"YCL040W",26115
351,"YMR318C",25843
352,"YBR263W",25752
353,"YDR381W",25431
354,"YPR028W",25408
355,"YDR174W",25398
356,"YLR295C",25226
357,"YBR010W;YNL031C",25133
358,"YPR165W",25132
359,"YJL080C",2513
360,"YKL192C",25065
361,"YML056C",24919
362,"YCR004C",24649
363,"YFL005W",24574
364,"YML070W",24492
365,"YNL255C",24471
366,"YMR235C",24431
367,"YPL260W",24417
368,"YOR317W",24388
369,"YDL022W",24261
370,"YIL142W",24109
371,"YLR438W",24104
372,"YER055C",24097
373,"YNL160W",23965
374,"YBR191W",23921
375,"YLR178C",23754
376,"YJR029W",23586
377,"YLR192C",23549
378,"YGL031C",23502
379,"YKL006W",23484
380,"YJL008C",23482
381,"YPR035W",23459
382,"YML092C",23446
383,"YPR033C",2344
384,"YBR221C",23335
385,"YBL001C",23323
386,"YMR307W",23296
387,"YER136W",23155
388,"YJL217W",2314
389,"YDL100C",23128
390,"YJR069C",23083
391,"YMR105C",22985
392,"YHR179W",22834
393,"YOL038W",22796
394,"YIL094C",22739
395,"YLR244C",22474
396,"YHR128W",22249
397,"YOR210W",22222
398,"YJR070C",22219
399,"YER073W",22146
400,"YGL157W",22092
401,"YGL234W",21909
402,"YHR049W",21843
403,"YDL208W",2166
404,"YLR175W",21581
405,"YGR135W",21534
406,"YPL145C",21166
407,"YDL061C",21095
408,"YKL024C",2102
409,"YPL271W",2101
410,"YER036C",20983
411,"YLR208W",20783
412,"YOL097C",20627
413,"YLR406C",20569
414,"YCL037C",20554
415,"YBR244W",2051
416,"YBR088C",20502
417,"YKL196C",20488
418,"YOR265W",20429
419,"YMR315W",20298
420,"YJL012C",20283
421,"YBR078W",20177
422,"YCL030C",20008
423,"YJL014W",19959
424,"YNR016C",19958
425,"YER007C-A",19955
426,"YNR043W",19649
427,"YPR183W",19581
428,"YOR136W",1947
429,"YEL046C",19369
430,"YMR314W",19324
431,"YGL206C",19278
432,"YLR390W-A",19211
433,"YER067W",18956
434,"YKL210W",18904
435,"YGL011C",18889
436,"YBR039W",18889
437,"YNL071W",18726
438,"YPR133W-A",18679
439,"YKR048C",18619
440,"YBR079C",18588
441,"YGR159C",18499
442,"YNL134C",18473
443,"YOR323C",18374
444,"YGR181W",18338
445,"YBL064C",18252
446,"YEL047C",18233
447,"YAL044C",18062
448,"YJL159W",1804
449,"YJR064W",17974
450,"YER146W",17901
451,"YDL097C",17888
452,"YOR168W",17881
453,"YOL058W",17865
454,"YPR163C",17805
455,"YJL121C",17756
456,"YOL151W",17719
457,"YDL229W",17606
458,"YNL131W",17569
459,"YBL036C",17467
460,"YJL111W",17425
461,"YLR200W",17312
462,"YJR148W",17311
463,"YIL138C",17285
464,"YDR214W",17266
465,"YDR212W",17166
466,"YMR203W",1714
467,"YOL111C",16977
468,"YDR529C",16903
469,"YGR214W",16673
470,"YDL143W",16466
471,"YPL239W",16455
472,"YDR378C",16454
473,"YPL226W",16377
474,"YPL273W",16344
475,"YNL044W",16262
476,"YNL007C",16114
477,"YMR012W",16081
478,"YOR361C",16001
479,"YGR169C-A",15883
480,"YKR046C",15811
481,"YPL078C",158
482,"YKR001C",15725
483,"YCR028C-A",15478
484,"YML001W",15409
485,"YDR172W",15272
486,"YLR370C",15195
487,"YNL149C",15177
488,"YOR142W",15153
489,"YER012W",15125
490,"YFR052W",15065
491,"YOL059W",15029
492,"YBR248C",15021
493,"YCR083W",1498
494,"YIR034C",14974
495,"YOL016C",14933
496,"YGR103W",14928
497,"YKL211C",14908
498,"YER052C",14903
499,"YDR487C",14893
500,"YPR110C",14864
501,"YPL262W",14825
502,"YOR374W",14745
503,"YDL160C",14745
504,"YLR038C",14613
505,"YOR117W",14578
506,"YGR167W",14538
507,"YMR038C",14445
508,"YPR010C-A",14433
509,"YDR127W",14411
510,"YHL033C",14295
511,"YNL121C",14235
512,"YMR090W",14228
513,"YDR510W",14195
514,"YBL045C",14123
515,"YNL241C",14092
516,"YMR309C",13989
517,"YPL019C",13923
518,"YHR190W",13912
519,"YNL247W",13881
520,"YGR061C",13868
521,"YBR035C",13852
522,"YNL113W",13767
523,"YCR009C",13654
524,"YDL147W",13639
525,"YDL103C",13611
526,"YGL137W",13584
527,"YDR346C",1356
528,"YNR001C",13452
529,"YDL004W",13397
530,"YPR062W",13373
531,"YKL033W-A",13358
532,"YER031C",13339
533,"YKL096W",13332
534,"YDR035W",13322
535,"YKR066C",1332
536,"YFR009W",13281
537,"YKR014C",13281
538,"YAL035W",13235
539,"YOR362C",13126
540,"YPR073C",13104
541,"YDR533C",13047
542,"YOR176W",13021
543,"YML128C",13011
544,"YMR074C",12981
545,"YBL024W",1296
546,"YMR194W",12943
547,"YBR126C",12913
548,"YER042W",12881
549,"YMR183C",12877
550,"YOR021C",12843
551,"YNL287W",12654
552,"YKR080W",12619
553,"YML085C",12561
554,"YGR020C",12515
555,"YHL011C",12506
556,"YMR241W",12505
557,"YOL005C",1249
558,"YOR270C",12476
559,"YMR173W",12451
560,"YHL021C",1245
561,"YJR063W",12432
562,"YNL098C",12417
563,"YDL135C",12395
564,"YDL236W",12204
565,"YML048W",12189
566,"YMR297W",12123
567,"YFR033C",12095
568,"YPR060C",12061
569,"YGR244C",11993
570,"YGR253C",11961
571,"YKL009W",11893
572,"YER048C",11867
573,"YLR293C",11821
574,"YHR007C",11797
575,"YNL112W",1178
576,"YBL050W",11754
577,"YER156C",11719
578,"YGL078C",11713
579,"YJL041W",1171
580,"YGL068W",11647
581,"YJL200C",11638
582,"YHR138C",11551
583,"YJL063C",11531
584,"YDR328C",11499
585,"YCR087C-A",1147
586,"YJR014W",11453
587,"YOL061W",1141
588,"YHR018C",11355
589,"YER086W",1132
590,"YEL060C",11283
591,"YNL016W",11282
592,"YMR290C",11279
593,"YGR132C",11277
594,"YLR314C",11268
595,"YDR427W",11268
596,"YDL029W",11254
597,"YDL078C",11234
598,"YBR218C",11231
599,"YNL037C",11206
600,"YDR321W",11201
601,"YKL001C",11126
602,"YLR028C",11105
603,"YOR128C",11046
604,"YLR270W",1104
605,"YNL070W",11035
606,"YDL131W",11011
607,"YOR046C",10992
608,"YPL129W",10968
609,"YGR063C",10939
610,"YBR230C",10919
611,"YML094W",10896
612,"YOR232W",10888
613,"YGR054W",10862
614,"YOR286W",10845
615,"YDR377W",10822
616,"YPR063C",1079
617,"YHR005C-A",10765
618,"YDR190C",1072
619,"YIL016W",1071
620,"YER090W",10706
621,"YGL187C",10686
622,"YJR085C",10635
623,"YIR038C",10631
624,"YDL195W",10607
625,"YER006W",106
626,"YOR261C",10571
627,"YGL001C",10568
628,"YJL148W",10523
629,"YNL248C",10516
630,"YMR229C",10473
631,"YAR002C-A",10412
632,"YJR025C",10409
633,"YNR021W",10406
634,"YPL111W",10403
635,"YPR103W",10384
636,"YGL173C",10372
637,"YKL016C",10358
638,"YNL104C",10272
639,"YKL103C",10265
640,"YDR177W",10238
641,"YDL168W",10203
642,"YOR276W",10203
643,"YPL059W",10198
644,"YLR172C",10159
645,"YDL007W",10147
646,"YER021W",10104
647,"YOR215C",10053
648,"YPL240C",10044
649,"YDR168W",10034
650,"YKL007W",10
651,"YGR175C",9977
652,"YDR012W",9971
653,"YJL158C",9823
654,"YMR202W",9822
655,"YOR341W",9794
656,"YKL157W",974
657,"YMR092C",9739
658,"YGL054C",9712
659,"YMR062C",971
660,"YPR108W",9661
661,"YKL104C",9644
662,"YJL001W",961
663,"YBL026W",9609
664,"YNL141W",957
665,"YJL172W",9535
666,"YGL189C",9502
667,"YKL172W",947
668,"YOR253W",9455
669,"YIL075C",9455
670,"YNL111C",9441
671,"YJL055W",9438
672,"YDR019C",9434
673,"YGL195W",9432
674,"YDR091C",9394
675,"YPL010W",9381
676,"YOR254C",9376
677,"YHR027C",9353
678,"YNR017W",9341
679,"YLR449W",931
680,"YGL048C",9302
681,"YNL231C",9239
682,"YKL212W",9218
683,"YGR162W",9174
684,"YDR429C",9135
685,"YPL112C",9127
686,"YBR026C",9083
687,"YLR100W",9057
688,"YKL054C",905
689,"YGR279C",9037
690,"YFL017C",9031
691,"YDL130W-A",9013
692,"YFR010W",8978
693,"YOR224C",8932
694,"YMR169C",8886
695,"YBR029C",8865
696,"YOR108W",8863
697,"YHR042W",8812
698,"YLR118C",8801
699,"YDR399W",8751
700,"YML125C",8749
701,"YDR424C",8727
702,"YLR421C",871
703,"YOR089C",8704
704,"YEL003W",8702
705,"YER080W",8701
706,"YLR229C",869
707,"YBR084W",8655
708,"YOR294W",8642
709,"YDR361C",8637
710,"YPL243W",8622
711,"YER112W",8554
712,"YER019C-A",8498
713,"YNR035C",8495
714,"YLR186W",8454
715,"YDR234W",845
716,"YDR432W",8421
717,"YLR335W",8376
718,"YHR063C",8372
719,"YBR154C",8349
720,"YPR020W",8346
721,"YDL226C",8287
722,"YBR159W",8268
723,"YPR052C",8253
724,"YOR120W",8229
725,"YDL051W",8217
726,"YDL145C",8217
727,"YER081W",8217
728,"YIL062C",8217
729,"YDL072C",8179
730,"YAL060W",8164
731,"YJL166W",8132
732,"YHR146W",8106
733,"YJR065C",8098
734,"YPL211W",809
735,"YDL046W",809
736,"YDL201W",8079
737,"YJL171C",8077
738,"YGL200C",8077
739,"YML004C",8069
740,"YER004W",8029
741,"YJL117W",7996
742,"YGR193C",7995
743,"YAL036C",7991
744,"YPL235W",7973
745,"YNL175C",7955
746,"YBL058W",7941
747,"YDR322C-A",7935
748,"YIL076W",7935
749,"YHR001W-A",7927
750,"YDL235C",7915
751,"YBR080C",7908
752,"YPR118W",7883
753,"YER134C",7873
754,"YJR135W-A",7846
755,"YFR004W",7827
756,"YNL002C",7813
757,"YBR261C",7806
758,"YNL259C",7787
759,"YGL099W",7713
760,"YBR101C",7689
761,"YDR272W",7681
762,"YGR232W",764
763,"YNL153C",7628
764,"YDR074W",7612
765,"YPL093W",7603
766,"YDR408C",7594
767,"YGR189C",759
768,"YKL181W",7569
769,"YER133W",7558
770,"YML086C",7555
771,"YMR311C",7548
772,"YBR252W",7546
773,"YOR303W",753
774,"YDR165W",7518
775,"YMR246W",7514
776,"YNL239W",7502
777,"YPR154W",7484
778,"YNL110C",7479
779,"YIL033C",7475
780,"YGL221C",7418
781,"YCL059C",7387
782,"YJL068C",7378
783,"YGR208W",7363
784,"YJL179W",7345
785,"YDR101C",7292
786,"YNL061W",7275
787,"YMR300C",7269
788,"YDR120C",7261
789,"YGL043W",7254
790,"YBR056W",7245
791,"YER063W",722
792,"YEL013W",7206
793,"YBR053C",7201
794,"YCR002C",7156
795,"YJL145W",7144
796,"YPL063W",7128
797,"YBR126W-A",7107
798,"YGR136W",7088
799,"YGR207C",7061
800,"YNR046W",7058
801,"YER049W",7033
802,"YBR052C",7027
803,"YPR181C",7024
804,"YJL178C",7018
805,"YMR145C",6995
806,"YER126C",6975
807,"YGR275W",6961
808,"YOR051C",6956
809,"YIR036C",6911
810,"YDL086W",6911
811,"YML072C",6909
812,"YMR049C",6908
813,"YEL031W",6901
814,"YBR096W",6889
815,"YBR177C",6866
816,"YDR343C;YDR342C",6864
817,"YLR022C",6839
818,"YHR052W",6824
819,"YBL068W",6813
820,"YOR164C",6796
821,"YLR089C",6779
822,"YGR001C",677
823,"YDL171C",6756
824,"YML074C",6752
825,"YKR071C",6714
826,"YOR197W",6699
827,"YOR173W",6694
828,"YGR267C",6658
829,"YFR051C",6641
830,"YDR519W",6638
831,"YLR351C",663
832,"YGR218W",6592
833,"YKL040C",6583
834,"YGR173W",6571
835,"YML079W",6561
836,"YDR496C",6537
837,"YMR149W",6535
838,"YNR019W",6528
839,"YLR429W",6509
840,"YJR017C",6502
841,"YLR195C",6501
842,"YER122C",649
843,"YIL125W",6472
844,"YKL193C",6446
845,"YDL040C",6445
846,"YKL065C",6431
847,"YDR483W",6414
848,"YEL002C",6403
849,"YBL078C",6401
850,"YCL009C",64
851,"YDR238C",6389
852,"YJL122W",6387
853,"YDR188W",6346
854,"YHR113W",6327
855,"YOR061W",6311
856,"YJL173C",6304
857,"YLR380W",6277
858,"YNR053C",6261
859,"YMR027W",6256
860,"YLR276C",6248
861,"YKL127W",6232
862,"YLR447C",6228
863,"YCL064C",6221
864,"YOL041C",6219
865,"YJR010C-A",6215
866,"YJL020C",6204
867,"YFL004W",6181
868,"YDR258C",6138
869,"YDL121C",61
870,"YGR211W",6096
871,"YPR088C",6084
872,"YPR172W",608
873,"YOR260W",6076
874,"YOR239W",6072
875,"YOR157C",6054
876,"YKL120W",6044
877,"YOR153W",6041
878,"YDR388W",602
879,"YKL029C",5997
880,"YPR148C",599
881,"YLR113W",5984
882,"YOL057W",5984
883,"YBL047C",5964
884,"YPL212C",5942
885,"YLR257W",5933
886,"YGL207W",592
887,"YOL077W-A",5912
888,"YBR111C",5907
889,"YAL049C",5906
890,"YCL057W",5865
891,"YEL039C",5845
892,"YMR031C",5843
893,"YEL058W",5837
894,"YGL232W",5834
895,"YBL041W",583
896,"YNR051C",5813
897,"YER094C",5781
898,"YEL024W",5763
899,"YHR163W",5756
900,"YDL052C",5725
901,"YHR108W",5722
902,"YBR115C",5711
903,"YDR171W",5706
904,"YFR011C",5688
905,"YOR042W",5686
906,"YNL308C",5675
907,"YHR088W",5674
908,"YOR095C",5671
909,"YHR107C",5658
910,"YGR187C",5635
911,"YEL037C",5631
912,"YLR372W",5628
913,"YML069W",5615
914,"YAL059W",5615
915,"YOL123W",5613
916,"YGR183C",56
917,"YHR039C",5592
918,"YIL116W",5512
919,"YOR272W",5511
920,"YAL016W",5505
921,"YMR178W",5497
922,"YNL290W",5485
923,"YIL022W",5467
924,"YGR248W",5446
925,"YIL034C",5445
926,"YIL002W-A",5431
927,"YNL168C",5418
928,"YMR131C",5401
929,"YBR171W",5399
930,"YIL027C",5397
931,"YDL116W",538
932,"YFL037W",5366
933,"YGR205W",5349
934,"YOR206W",5343
935,"YNL189W",534
936,"YJL060W",5318
937,"YDL064W",5299
938,"YKL137W",5286
939,"YAR071W;YHR215W",527
940,"YBL091C",5248
941,"YPR127W",5239
942,"YNL147W",5225
943,"YPR010C",5218
944,"YBR256C",5213
945,"YIL020C",5194
946,"YBR034C",5185
947,"YIL109C",5174
948,"YFL048C",5153
949,"YMR189W",5149
950,"YDR098C",5129
951,"YJL123C",5124
952,"YMR157C",51
953,"YOR357C",5092
954,"YBR234C",5066
955,"YNL307C",5059
956,"YER083C",5059
957,"YLR025W",5054
958,"YPL050C",5026
959,"YER089C",5025
960,"YJL140W",5022
961,"YER070W",5004
962,"YDR372C",4998
963,"YPL117C",4994
964,"YDR300C",4987
965,"YGR080W",4975
966,"YML108W",4971
967,"YDR044W",4956
968,"YBR086C",4947
969,"YGL111W",4942
970,"YOR091W",4941
971,"YGL012W",4909
972,"YDR404C",4908
973,"YIR012W",4907
974,"YKR074W",4893
975,"YML100W",4892
976,"YMR220W",4882
977,"YGL097W",4878
978,"YDL015C",485
979,"YOR259C",4847
980,"YDR391C",4846
981,"YMR215W",4843
982,"YML055W",4838
983,"YCL028W",4833
984,"YJL002C",4823
985,"YDR070C",4812
986,"YGL115W",4796
987,"YML105C",4793
988,"YOR251C",4769
989,"YCL045C",4766
990,"YKL151C",4763
991,"YLR330W",4763
992,"YOR187W",4756
993,"YOL049W",474
994,"YGL040C",4735
995,"YGR019W",4734
996,"YHR051W",4732
997,"YHR201C",4727
998,"YKR095W-A",4718
999,"YDL092W",4712
1000,"YKL094W",4711
1001,"YPR143W",469
1002,"YGR123C",4688
1003,"YHR200W",4677
1004,"YEL042W",4659
1005,"YKR081C",4658
1006,"YGR078C",4657
1007,"YMR296C",4656
1008,"YNL312W",465
1009,"YNL067W",4639
1010,"YML010W",4632
1011,"YLR196W",4626
1012,"YOL022C",4611
1013,"YKL021C",4602
1014,"YFR037C",4577
1015,"YOL064C",4559
1016,"YBR046C",4559
1017,"YJR144W",4559
1018,"YMR096W",4546
1019,"YPR160W",4534
1020,"YPR004C",4524
1021,"YJR125C",4515
1022,"YGL228W",4494
1023,"YDR232W",4489
1024,"YDR299W",4487
1025,"YGL120C",4486
1026,"YDR294C",4483
1027,"YCR051W",448
1028,"YPR129W",4478
1029,"YPL210C",4468
1030,"YNL274C",4449
1031,"YDR063W",4436
1032,"YGR082W",4436
1033,"YJL050W",4424
1034,"YNL200C",4419
1035,"YDR189W",4397
1036,"YNR054C",4396
1037,"YAR007C",4389
1038,"YOL094C",4388
1039,"YBR162C",4386
1040,"YLR287C",4385
1041,"YDR031W",4383
1042,"YBR247C",4379
1043,"YOR327C",4376
1044,"YDR354W",4369
1045,"YOR220W",4366
1046,"YLR410W",4363
1047,"YFL010C",4355
1048,"YIL063C",4346
1049,"YGL171W",433
1050,"YGL167C",4326
1051,"YJL192C",4293
1052,"YIL136W",4289
1053,"YGL020C",4283
1054,"YDR001C",4271
1055,"YCR090C",4265
1056,"YHR121W",4258
1057,"YLR291C",4258
1058,"YDL110C",4253
1059,"YDR292C",4242
1060,"YHR074W",4241
1061,"YOR165W",4236
1062,"YBR014C",4216
1063,"YGR128C",4211
1064,"YNL108C",4209
1065,"YIL021W",4205
1066,"YJR047C",4205
1067,"YNL132W",4202
1068,"YKL160W",4202
1069,"YNL084C",4196
1070,"YGL191W",4195
1071,"YOL149W",4189
1072,"YOR340C",4177
1073,"YCR073W-A",4172
1074,"YIL145C",4172
1075,"YCR084C",4155
1076,"YJL104W",415
1077,"YER069W",4147
1078,"YIL010W",4147
1079,"YNL001W",414
1080,"YBR222C",4128
1081,"YJL186W",4115
1082,"YML131W",4096
1083,"YPR112C",4093
1084,"YML123C",4086
1085,"YJR117W",4082
1086,"YLR074C",4068
1087,"YHR030C",4067
1088,"YOR243C",4063
1089,"YEL027W",4056
1090,"YML124C",4051
1091,"YLR292C",4021
1092,"YMR276W",4016
1093,"YHR012W",4009
1094,"YDR060W",4006
1095,"YBL056W",4002
1096,"YBR253W",3996
1097,"YJL183W",3996
1098,"YLR214W",399
1099,"YDL219W",3979
1100,"YIL118W",3957
1101,"YJR076C",3947
1102,"YOR086C",3946
1103,"YMR316W",3945
1104,"YGR116W",3944
1105,"YDL181W",3942
1106,"YMR208W",3936
1107,"YPL094C",3928
1108,"YHR001W",3927
1109,"YOL027C",3924
1110,"YHR047C",3923
1111,"YGL039W",3923
1112,"YNL243W",3904
1113,"YBR015C",3895
1114,"YGL242C",389
1115,"YDL053C",3875
1116,"YMR250W",3873
1117,"YAL042W",3863
1118,"YLR017W",385
1119,"YLR147C",385
1120,"YAL007C",3849
1121,"YMR015C",3834
1122,"YIR035C",3831
1123,"YDL205C",3825
1124,"YGR229C",3824
1125,"YHR170W",3798
1126,"YAL023C",3786
1127,"YPR113W",3785
1128,"YBR169C",3765
1129,"YKL063C",3751
1130,"YKR065C",3741
1131,"YHR013C",374
1132,"YIR004W",3739
1133,"YFR001W",3735
1134,"YEL038W",3728
1135,"YDR293C",3724
1136,"YKR016W",3712
1137,"YHR025W",3708
1138,"YBR155W",3705
1139,"YPL126W",3704
1140,"YNR018W",37
1141,"YER048W-A",3697
1142,"YML130C",3695
1143,"YOR074C",3666
1144,"YHR029C",3655
1145,"YIL004C",362
1146,"YFR047C",362
1147,"YCR072C",3616
1148,"YMR272C",3615
1149,"YPL031C",3613
1150,"YGR090W",3605
1151,"YDR345C",3602
1152,"YOR151C",3597
1153,"YDR068W",3588
1154,"R0020C",3587
1155,"YHR043C",3577
1156,"YOR016C",3572
1157,"YOR103C",3571
1158,"YDL067C",3563
1159,"YAR002W",356
1160,"YKL145W",3548
1161,"YCL017C",3535
1162,"YDL140C",3514
1163,"YDL095W",351
1164,"YML101C",3501
1165,"YLR222C",3498
1166,"YBR164C",3497
1167,"YKL148C",3476
1168,"YGL101W",3471
1169,"YER002W",3458
1170,"YLR066W",3453
1171,"YPL146C",3451
1172,"YNL090W",345
1173,"YKR018C",3449
1174,"YKR070W",3445
1175,"YHR112C",3443
1176,"YOL142W",3443
1177,"YDR365W-A;YER137C-A;YLR157C-A;YPL257W-A;YDR365W-A;YER137C-A;YLR157C-A;YPL257W-A;YDR365W-A;YER137C-A;YLR157C-A;YPL257W-A;YDR365W-A;YER137C-A;YLR157C-A;YPL257W-A",3438
1178,"YOR281C",3438
1179,"YGR271C-A",3435
1180,"YGL122C",3432
1181,"YNL292W",3425
1182,"YNL157W",3422
1183,"YDR449C",3422
1184,"YMR237W",3416
1185,"YER103W",3403
1186,"YIR008C",3403
1187,"YJR002W",3399
1188,"YDL074C",3393
1189,"YBR087W",3392
1190,"YLR389C",3379
1191,"YCR016W",3375
1192,"YHR098C",3365
1193,"YKL218C",3358
1194,"YJR072C",3357
1195,"YIR006C",3357
1196,"YDR211W",3345
1197,"YOR326W",3344
1198,"YHR037W",3332
1199,"YBL022C",3322
1200,"YOR145C",3315
1201,"YJR143C",3307
1202,"YKR043C",3304
1203,"YMR278W",329
1204,"YDL132W",3275
1205,"YLL009C",3268
1206,"YDR047W",3262
1207,"YPL266W",3257
1208,"YDR148C",3254
1209,"YPL012W",3248
1210,"YOL133W",3246
1211,"YLL041C",3245
1212,"YER044C",3244
1213,"YJR075W",3244
1214,"YKL195W",3243
1215,"YJL011C",3239
1216,"YOR099W",3226
1217,"YHR133C",3225
1218,"YLR250W",3222
1219,"YDR152W",3216
1220,"YOL010W",3216
1221,"YDL225W",3201
1222,"YOL140W",3199
1223,"R0040C",3198
1224,"YDL198C",3185
1225,"YDL178W",318
1226,"YER159C",317
1227,"YDL065C",3151
1228,"YIL064W",3149
1229,"YGR130C",3145
1230,"YDL085C-A",3135
1231,"YBR166C",3127
1232,"YDL174C",3122
1233,"YKR035W-A",312
1234,"YNR034W",3107
1235,"YML120C",31
1236,"YMR197C",3098
1237,"YJR088C",3098
1238,"YER168C",3093
1239,"YDL134C",309
1240,"YHR192W",3087
1241,"YPR133C",3086
1242,"YPR124W",3079
1243,"YDL237W",3078
1244,"YBL032W",3073
1245,"YEL066W",3073
1246,"YMR308C",3069
1247,"YGR119C",3066
1248,"YJR101W",3064
1249,"YGR043C",3053
1250,"YIL137C",3052
1251,"YOR131C",3051
1252,"YLR342W",3049
1253,"YOL077C",3047
1254,"YIR026C",3047
1255,"YJR060W",3043
1256,"YJL069C",3039
1257,"YGL055W",3037
1258,"YGL220W",3028
1259,"YBR077C",3021
1260,"YJR068W",3009
1261,"YLR129W",3007
1262,"YBR283C",3004
1263,"YDR297W",3003
1264,"YLL008W",2992
1265,"YFR050C",2984
1266,"YLR347C",2981
1267,"YLR056W",298
1268,"YDR121W",298
1269,"YPL043W",2975
1270,"YDR257C",2974
1271,"YIL074C",2974
1272,"YBL057C",2967
1273,"YOL098C",2964
1274,"YBL007C",2964
1275,"YLL001W",2959
1276,"YGR200C",2957
1277,"YDR365C",295
1278,"YLR275W",2937
1279,"YHR216W",2935
1280,"YIL008W",293
1281,"YCL054W",292
1282,"YDL148C",2919
1283,"YER099C",2918
1284,"YAL030W",2917
1285,"YFR024C-A",291
1286,"YKL110C",2905
1287,"YCR011C",2896
1288,"YDR040C",2891
1289,"YNL045W",2888
1290,"YOL147C",2887
1291,"YBR214W",2887
1292,"YOR163W",2885
1293,"YIL111W",2878
1294,"YLR268W",2874
1295,"YOL076W",2873
1296,"YIL124W",2869
1297,"YMR110C",2868
1298,"YKR084C",2867
1299,"YDL153C",2856
1300,"YLR438C-A",2854
1301,"YCL057C-A",2848
1302,"YIL156W-B",2835
1303,"YHL013C",2822
1304,"YCL033C",2815
1305,"YJL109C",2813
1306,"YPL245W",2811
1307,"YLL011W",2811
1308,"YML035C",2789
1309,"YMR244C-A",2785
1310,"YHR199C",278
1311,"YIL039W",277
1312,"YDR324C",2768
1313,"YPL098C",2761
1314,"YKL214C",276
1315,"YMR125W",2754
1316,"YGL190C",2751
1317,"YDR516C",2746
1318,"YHL039W",2743
1319,"YLR209C",274
1320,"YJL033W",2725
1321,"YDL213C",2723
1322,"YEL015W",2721
1323,"YDR518W",2721
1324,"YML058W",2711
1325,"YPR173C",2704
1326,"YOR226C",2702
1327,"YER148W",27
1328,"YHR081W",2699
1329,"YFL044C",2699
1330,"YJL115W",2697
1331,"YKL128C",2695
1332,"YER139C",2692
1333,"YER151C",2679
1334,"YER082C",2676
1335,"YEL055C",2674
1336,"YPR144C",2672
1337,"YKL073W",2668
1338,"YGR029W",2665
1339,"YJL010C",2665
1340,"YOR154W",266
1341,"YMR261C",2649
1342,"YKL126W",2639
1343,"YHR114W",2631
1344,"YFL016C",2629
1345,"YBR160W",2627
1346,"YDR395W",2623
1347,"YDR280W",2621
1348,"YGR231C",2619
1349,"YLR399C",2615
1350,"YLR093C",2615
1351,"YPL127C",261
1352,"YOR241W",2608
1353,"YLR384C",2603
1354,"YLR262C",2599
1355,"YKL207W",2596
1356,"YIL044C",2588
1357,"YBL055C",2583
1358,"YBR269C",2582
1359,"YDR194C",2582
1360,"YGR277C",2578
1361,"YHR024C",2578
1362,"YFL028C",2571
1363,"YJR096W",2571
1364,"YGR210C",2567
1365,"YBR151W",2565
1366,"YAL025C",2564
1367,"YLR435W",2561
1368,"YGR233C",2554
1369,"YLR418C",2553
1370,"YDR289C",2548
1371,"YDL047W",2548
1372,"YOR280C",2546
1373,"YBR279W",2542
1374,"YNL182C",2541
1375,"YOR004W",2538
1376,"YBR049C",2533
1377,"YDR477W",2531
1378,"YOL030W",253
1379,"YDR453C",2527
1380,"YFR025C",2525
1381,"YPL263C",2524
1382,"YKL154W",2516
1383,"YPL009C",2514
1384,"YNL177C",2513
1385,"YHR197W",2509
1386,"YJR051W",2507
1387,"YOR271C",2493
1388,"YDL060W",2484
1389,"YOR020W-A",2483
1390,"YER125W",2479
1391,"YNL181W",2479
1392,"YOR304C-A",2479
1393,"YCR030C",2467
1394,"YOR356W",2458
1395,"YOR367W",2456
1396,"YGL018C",245
1397,"YNL129W",2449
1398,"YKL164C",2446
1399,"YPR034W",2443
1400,"YGL246C",2437
1401,"YER053C",2415
1402,"YBR120C",2411
1403,"YBR170C",2409
1404,"YPL234C",2406
1405,"YHR132C",2405
1406,"YDR062W",2404
1407,"YNR032C-A",2394
1408,"YNL087W",2391
1409,"YPR086W",2387
1410,"YMR130W",2382
1411,"YER174C",2373
1412,"YCL031C",2373
1413,"YBR205W",2373
1414,"YPL084W",2369
1415,"YDR363W-A",2363
1416,"YNL185C",2362
1417,"YMR022W",2361
1418,"YER071C",2361
1419,"YLR300W",236
1420,"YNL036W",2357
1421,"YLR069C",2345
1422,"YFR049W",234
1423,"YMR161W",2333
1424,"YMR139W",233
1425,"YBR092C",233
1426,"YLR003C",2325
1427,"YHR066W",2323
1428,"YPL001W",2323
1429,"YBR130C",232
1430,"YCR075W-A",2319
1431,"YPR187W",2316
1432,"YNL035C",2311
1433,"YMR174C",2308
1434,"YIL083C",2307
1435,"YKR082W",2307
1436,"YBL028C",2303
1437,"YNL330C",2302
1438,"YBR139W",2297
1439,"YBL017C",2295
1440,"YDR394W",2295
1441,"YPL232W",2295
1442,"YBR273C",2292
1443,"YHR137W",2291
1444,"YMR214W",2291
1445,"YKR003W",2288
1446,"YFR002W",2288
1447,"YDR150W",2286
1448,"YLR364W",2285
1449,"YJL128C",2282
1450,"YKR026C",2281
1451,"YGR081C",2276
1452,"YNL075W",2273
1453,"YML017W",227
1454,"YMR071C",2266
1455,"YGR178C",2264
1456,"YKR068C",2262
1457,"YDL160C-A",225
1458,"YPR180W",2246
1459,"YPL086C",2241
1460,"YMR286W",2238
1461,"YMR093W",2231
1462,"YCR077C",223
1463,"YDR476C",223
1464,"YOR257W",2228
1465,"YJR103W",2224
1466,"YMR109W",2219
1467,"YDR481C",2214
1468,"YOL021C",2209
1469,"YEL051W",2207
1470,"YHR041C",2201
1471,"YMR152W",2198
1472,"YNL252C",2197
1473,"YPL169C",2197
1474,"YLR026C",2196
1475,"YNL166C",2192
1476,"YDR161W",2187
1477,"YKL069W",2187
1478,"YPL246C",2185
1479,"YMR091C",2182
1480,"YBR245C",2178
1481,"YKR092C",2175
1482,"YOL067C",2171
1483,"YGL142C",2168
1484,"YOR222W",2162
1485,"YHR065C",2153
1486,"YLR221C",215
1487,"YLL038C",2149
1488,"YLR401C",2148
1489,"YBR112C",2148
1490,"YHR148W",2143
1491,"YGL049C",2142
1492,"YPL217C",2141
1493,"YDR056C",2136
1494,"YGR005C",2135
1495,"YGL006W",2135
1496,"YPL030W",2134
1497,"YOR014W",2133
1498,"YPR139C",2128
1499,"YPL207W",2122
1500,"YCL055W",2118
1501,"YDL166C",2116
1502,"YMR170C",2116
1503,"YBR006W",2115
1504,"YGL130W",2113
1505,"YLL021W",2109
1506,"YML036W",2105
1507,"YNL264C",2104
1508,"YKL168C",2099
1509,"YJR137C",2098
1510,"YML067C",2096
1511,"YHR076W",2096
1512,"YDL204W",2093
1513,"YJR057W",209
1514,"YGL100W",2087
1515,"YGL210W",2085
1516,"YOL052C",208
1517,"YMR158W",208
1518,"YIR001C",2077
1519,"YHR046C",2069
1520,"YKR002W",2065
1521,"YPR016C",2062
1522,"YBR058C-A",2053
1523,"YMR024W",2052
1524,"YGL065C",2049
1525,"YKL082C",2049
1526,"YLR051C",2046
1527,"YGL027C",2046
1528,"YDL031W",2045
1529,"YDL188C",2042
1530,"YGR083C",204
1531,"YGR012W",2039
1532,"YBL015W",2036
1533,"YDR156W",2029
1534,"YJR024C",2025
1535,"YBR137W",202
1536,"YFR006W",202
1537,"YOL145C",2017
1538,"YPL188W",2015
1539,"YBR017C",2009
1540,"YGL181W",2007
1541,"YBR142W",2003
1542,"YGR186W",2002
1543,"YDL150W",1999
1544,"YML103C",1999
1545,"YOR126C",1998
1546,"YGL153W",1994
1547,"YIL162W",1994
1548,"YLR395C",1992
1549,"YIL035C",1989
1550,"YGL129C",1983
1551,"YLL023C",198
1552,"YIR003W",1978
1553,"YDR358W",1976
1554,"YLR285W",1974
1555,"YDR170C",1973
1556,"YPR137C-B",1971
1557,"YGL238W",197
1558,"YPR137W",1961
1559,"YDR390C",1957
1560,"YCL001W",1957
1561,"YJL066C",1956
1562,"YKR062W",1956
1563,"YHR196W",195
1564,"YKL091C",1949
1565,"YGL244W",1944
1566,"YML110C",1944
1567,"YIL108W",1944
1568,"YOR045W",1943
1569,"YJL076W",1939
1570,"YNL173C",1935
1571,"YPR169W",1933
1572,"YJL124C",1931
1573,"YLL048C",193
1574,"YKL179C",1929
1575,"YGR157W",1922
1576,"YLR248W",1921
1577,"YLR225C",1921
1578,"YNL251C",1916
1579,"YGL224C",1915
1580,"YHR187W",1911
1581,"YDL190C",191
1582,"YKL018W",1899
1583,"YMR269W",1899
1584,"YOR001W",1894
1585,"YDR347W",1893
1586,"YMR011W",189
1587,"YNL313C",1886
1588,"YOL090W",1885
1589,"YLR106C",1883
1590,"YBR093C",1883
1591,"YML075C",1878
1592,"YIL115C",1877
1593,"YFR030W",1876
1594,"YCL011C",1876
1595,"YKL027W",1865
1596,"YPL032C",1864
1597,"YGL108C",1862
1598,"YKR008W",1855
1599,"YBR061C",1854
1600,"YBR016W",1854
1601,"YJR086W",1848
1602,"YLR258W",1847
1603,"YAL046C",1846
1604,"YKL129C",1841
1605,"YBL069W",1839
1606,"YOL144W",1836
1607,"YGL252C",1835
1608,"YGR088W",1835
1609,"YNR026C",1834
1610,"YKR060W",1834
1611,"YHR016C",1833
1612,"YKL100C",1833
1613,"YNL123W",1825
1614,"YOR039W",1824
1615,"YPR149W",1824
1616,"YMR264W",1822
1617,"YMR002W",1821
1618,"YHR003C",182
1619,"YMR067C",1817
1620,"YKL130C",1811
1621,"YLL029W",181
1622,"YGR245C",181
1623,"YLR378C",1808
1624,"YHR117W",1808
1625,"YPR190C",1805
1626,"YGL062W",1805
1627,"YMR008C",1793
1628,"YKL088W",1791
1629,"YDR083W",1788
1630,"YMR305C",1788
1631,"YBR236C",1785
1632,"YMR039C",1782
1633,"YDR339C",178
1634,"YLR199C",1779
1635,"YDR412W",1775
1636,"YDR248C",1773
1637,"YPL206C",1772
1638,"YKL215C",1772
1639,"YHR214C-C;YOR142W-A;YPR158W-A;YOR142W-A;YPR158W-A;YDR316W-A;YER159C-A;YGR161C-C;YMR051C;YDR316W-A;YER159C-A;YGR161C-C;YMR051C;YDR316W-A;YER159C-A;YGR161C-C;YMR051C;YDR316W-A;YER159C-A;YGR161C-C;YMR051C;YDR316W-A;YER159C-A;YGR161C-C;YMR051C;YBR012W-A",1767
1640,"YGL156W",1765
1641,"YGR033C",1759
1642,"YPR029C",1759
1643,"YNL088W",1759
1644,"YBR172C",1752
1645,"YDR530C",1751
1646,"YHR127W",175
1647,"YDL161W",175
1648,"YOR171C",1749
1649,"YLR290C",1748
1650,"YGR202C",1745
1651,"YGL213C",1744
1652,"YMR029C",1744
1653,"YLR356W",1741
1654,"YLR387C",1738
1655,"YHR070W",1733
1656,"YPR072W",1731
1657,"YDR196C",1725
1658,"YPL190C",1723
1659,"YGR095C",1722
1660,"YOR217W",1721
1661,"YOR078W",172
1662,"YNL154C",1718
1663,"YKL053C-A",1715
1664,"YNL207W",1714
1665,"YBR267W",1711
1666,"YDL010W",171
1667,"YOR123C",1709
1668,"YGL041W-A",1706
1669,"YDR139C",1706
1670,"YDL021W",1703
1671,"YJR142W",1703
1672,"YKL190W",1696
1673,"YJL087C",1695
1674,"YDR251W",1695
1675,"YNL024C-A",1692
1676,"YDR465C",1686
1677,"YKL143W",1684
1678,"YOL080C",1675
1679,"YDL173W",1675
1680,"YDL112W",1674
1681,"YHR009C",1673
1682,"YHL031C",1669
1683,"YPL135W",1669
1684,"YML081C-A",1668
1685,"YOR057W",1666
1686,"YOR278W",1665
1687,"YLR110C",1661
1688,"YBR189W",166
1689,"YJR133W",1656
1690,"YKL114C",1655
1691,"YDL099W",1655
1692,"YLR133W",1652
1693,"YDL215C",1649
1694,"YJR019C",1645
1695,"YGL029W",1643
1696,"YMR148W",1641
1697,"YLR350W",1641
1698,"YLR312W-A",1641
1699,"YKL204W",164
1700,"YKL213C",1639
1701,"YNL062C",1636
1702,"YLR363W-A",1635
1703,"YNL232W",1633
1704,"YHL003C",1629
1705,"YJR099W",1626
1706,"YEL011W",1623
1707,"YDL058W",1621
1708,"YOL006C",1613
1709,"YNL048W",1612
1710,"YOL126C",161
1711,"YGR152C",161
1712,"YJR032W",161
1713,"YKL135C",1609
1714,"YHR058C",1609
1715,"YPL204W",1609
1716,"YKR095W",1607
1717,"YAL033W",1607
1718,"YPR094W",1606
1719,"YDR055W",1606
1720,"YOR174W",1606
1721,"YMR004W",1603
1722,"YLR163C",1602
1723,"YPL270W",1601
1724,"YKL112W",1601
1725,"YHR169W",16
1726,"YOR101W",1599
1727,"YOL102C",1599
1728,"YJL054W",1597
1729,"YIR022W",1593
1730,"YMR292W",1593
1731,"YHR069C",1593
1732,"YKL013C",1583
1733,"YIL007C",1583
1734,"YLR203C",1583
1735,"YBR199W",158
1736,"YPR188C",1579
1737,"YLR324W",1576
1738,"YHR022C",1575
1739,"YKL167C",1573
1740,"YLL034C",1573
1741,"YDR231C",1566
1742,"YML013W",1565
1743,"YPL228W",1562
1744,"YGR040W",1555
1745,"YNL163C",1552
1746,"YNR038W",155
1747,"YKR056W",155
1748,"YPL139C",1546
1749,"YER175C",1542
1750,"YDR117C",1542
1751,"YPR098C",154
1752,"YDR472W",154
1753,"YGR262C",153
1754,"YHR072W",153
1755,"YDR517W",1527
1756,"YGL231C",1524
1757,"YLR231C",1523
1758,"YAL044W-A",1523
1759,"YLR002C",1522
1760,"YBR111W-A",1522
1761,"YOR289W",1518
1762,"YKL008C",1516
1763,"YGL019W",1514
1764,"YPL013C",1513
1765,"YNL212W",1511
1766,"YEL052W",1509
1767,"YNL206C",1509
1768,"YHR097C",1498
1769,"YGR117C",1498
1770,"YDR435C",1496
1771,"YJR034W",1493
1772,"YCR093W",149
1773,"YJL036W",1483
1774,"YAL021C",1477
1775,"YJR059W",1476
1776,"YER141W",1476
1777,"YFR015C",1474
1778,"YLR181C",1473
1779,"YDL202W",1471
1780,"YCL047C",1468
1781,"YDR145W",1467
1782,"YEL040W",1467
1783,"YMR089C",1466
1784,"YNR015W",1464
1785,"YNR037C",1464
1786,"YJL208C",1463
1787,"YPL105C",146
1788,"YNR003C",1459
1789,"YBR094W",1459
1790,"YHR132W-A",1456
1791,"YDR135C",1454
1792,"YLR033W",1451
1793,"YGR060W",145
1794,"YOR216C",145
1795,"YPL178W",1448
1796,"YOR143C",1443
1797,"YPL067C",1435
1798,"YBR233W-A",1435
1799,"YDL122W",1434
1800,"YFL034C-A",1433
1801,"YKL058W",1432
1802,"YNR013C",1427
1803,"YDR164C",1426
1804,"YML127W",1424
1805,"YDR084C",1424
1806,"YDR087C",1423
1807,"YOL093W",1422
1808,"YBL006C",1421
1809,"YLR018C",1421
1810,"YNL118C",1419
1811,"YLR245C",1419
1812,"YPL195W",1419
1813,"YPR019W",1411
1814,"YDR079C-A",1407
1815,"YHR207C",1405
1816,"YPL085W",1405
1817,"YML027W",1402
1818,"YJR118C",14
1819,"YDR527W",1399
1820,"YGR048W",1398
1821,"YHR158C",1398
1822,"YBR041W",1397
1823,"YHR062C",1394
1824,"YJL143W",1393
1825,"YPR125W",1393
1826,"YGL080W",1391
1827,"YNR022C",1391
1828,"YBL059C-A",139
1829,"YGR215W",139
1830,"YOR109W",1383
1831,"YBL029C-A",1383
1832,"YMR128W",1382
1833,"YLL022C",1378
1834,"YOL086W-A",1375
1835,"YML097C",1375
1836,"YCR036W",1374
1837,"YGL112C",1371
1838,"YIL126W",1368
1839,"YLR215C",1368
1840,"YDL144C",1367
1841,"YGR235C",1366
1842,"YNL219C",1365
1843,"YKL113C",1365
1844,"YNL310C",1362
1845,"YLR409C",1361
1846,"YOR116C",1361
1847,"YIL005W",136
1848,"YDR266C",1359
1849,"YPR024W",1357
1850,"YOR124C",1355
1851,"YNL265C",1355
1852,"YGL050W",1354
1853,"YKL099C",1354
1854,"YPR131C",1354
1855,"YER143W",1353
1856,"YNL236W",1353
1857,"YLR251W",1351
1858,"YLR321C",1351
1859,"YPL199C",1351
1860,"YBR198C",135
1861,"YBR260C",1349
1862,"YOR211C",1342
1863,"YLR008C",1341
1864,"YEL044W",1339
1865,"YGR145W",1337
1866,"YBR176W",1335
1867,"YKL041W",1334
1868,"YNL050C",1333
1869,"YFL008W",1333
1870,"YJR048W",133
1871,"YBR110W",1328
1872,"YOR141C",1328
1873,"YDL164C",1327
1874,"YOR069W",1326
1875,"YMR080C",1326
1876,"YLR206W",1325
1877,"YIL105C",1323
1878,"YOR048C",1323
1879,"YPR058W",1322
1880,"YLR309C",1321
1881,"YKL014C",132
1882,"YIL065C",1318
1883,"YER001W",1314
1884,"YCR043C",1314
1885,"YCR052W",1313
1886,"YOR098C",1308
1887,"YBR059C",1307
1888,"YOR065W",1305
1889,"YPR017C",1304
1890,"YOL031C",1304
1891,"YDR308C",1303
1892,"YMR134W",1303
1893,"YLR398C",1301
1894,"YKL077W",1301
1895,"YMR222C",1301
1896,"YOR236W",13
1897,"YMR212C",13
1898,"YNL216W",1299
1899,"YLR363C",1298
1900,"YMR135C",1298
1901,"Q0250",1295
1902,"YLR052W",1295
1903,"YKR038C",1294
1904,"YIL098C",1287
1905,"YGR261C",1284
1906,"YOR311C",1284
1907,"YMR129W",1283
1908,"YER016W",1282
1909,"YKL170W",1278
1910,"YLR119W",1277
1911,"YJL101C",1274
1912,"YAR008W",1273
1913,"YOR385W",1267
1914,"YMR073C",1265
1915,"YOR043W",1265
1916,"YOR288C",1263
1917,"YEL017W",1262
1918,"YBR227C",126
1919,"YNL151C",1256
1920,"YMR014W",1253
1921,"Q0140",1249
1922,"YKL106W",1248
1923,"YML016C",1245
1924,"YLR361C-A",1243
1925,"YDR228C",1243
1926,"YFL023W",1241
1927,"YJL174W",1238
1928,"YBR288C",1233
1929,"YJL155C",1233
1930,"YDR348C",123
1931,"YJR113C",1225
1932,"YMR028W",1225
1933,"YDR153C",122
1934,"YHR045W",1218
1935,"YLR059C",1217
1936,"YLR328W",1214
1937,"YOR158W",121
1938,"YHL030W",1209
1939,"YIL038C",1203
1940,"YIL091C",1202
1941,"YGR030C",1201
1942,"YJL031C",1201
1943,"YBR229C",1199
1944,"YPL023C",1199
1945,"YOR370C",1199
1946,"YKR025W",1198
1947,"YML025C",1195
1948,"YMR304W",1194
1949,"YJL074C",1194
1950,"YGL092W",1189
1951,"YBR281C",1188
1952,"YCR034W",1187
1953,"YGR093W",1186
1954,"YLL013C",1185
1955,"YKR042W",1181
1956,"YKR006C",1179
1957,"YER068W",1174
1958,"YGL107C",1174
1959,"YDR320C-A",1173
1960,"YNR027W",1172
1961,"YPL170W",1164
1962,"YJL081C",1164
1963,"YPR189W",1163
1964,"YNL040W",1163
1965,"YGL196W",1162
1966,"YDL141W",1161
1967,"YMR033W",1161
1968,"YPL015C",116
1969,"YLR104W",1158
1970,"YKR072C",1158
1971,"YGL095C",1156
1972,"YCR071C",1155
1973,"YNL137C",1155
1974,"YBL004W",1153
1975,"YHR005C",1153
1976,"YGL159W",115
1977,"YGR111W",1149
1978,"YBR022W",1143
1979,"YIL155C",1142
1980,"YDR079W",1141
1981,"YJL053W",1141
1982,"YLR348C",1141
1983,"YKL141W",114
1984,"YER164W",1139
1985,"YJL176C",1139
1986,"YOR189W",1138
1987,"YGR158C",1137
1988,"YOR283W",1137
1989,"YMR061W",1136
1990,"YFR014C",1135
1991,"YOL088C",1134
1992,"YKL191W",1134
1993,"YER014W",1131
1994,"YKL068W",1129
1995,"YGR284C",1128
1996,"YIL110W",1128
1997,"YAL043C",1128
1998,"YLL040C",1127
1999,"YBR262C",1124
2000,"YMR047C",1124
2001,"YPR128C",1123
2002,"YER155C",1122
2003,"YER180C-A",1122
2004,"YAL019W",1122
2005,"YER176W",1121
2006,"YKL079W",112
2007,"YNR006W",1119
2008,"YMR285C",1118
2009,"YDR059C",1115
2010,"YLR433C",1115
2011,"YGR007W",1114
2012,"YGR203W",1111
2013,"YOL004W",111
2014,"YLR397C",1109
2015,"YHR092C",1106
2016,"YJL061W",1106
2017,"YPR184W",1104
2018,"YML021C",1103
2019,"YDL157C",1103
2020,"YGL082W",1102
2021,"YGL014W",1101
2022,"YNL059C",11
2023,"YOR196C",1097
2024,"YEL056W",1097
2025,"YBR264C",1096
2026,"YIL128W",1095
2027,"YOR138C",1094
2028,"YLR099W-A",1094
2029,"YOR267C",1093
2030,"YGR049W",1093
2031,"YLL036C",1093
2032,"YDR376W",109
2033,"YPL249C",109
2034,"YMR302C",109
2035,"YJR080C",1088
2036,"YPR091C",1086
2037,"YMR192W",108
2038,"YGR276C",1079
2039,"YMR298W",1078
2040,"YOR132W",1077
2041,"YFR016C",1076
2042,"YGR280C",1073
2043,"YOL125W",1068
2044,"YGL169W",1068
2045,"YLR020C",1063
2046,"YKR049C",1061
2047,"YLR319C",106
2048,"YDL212W",1058
2049,"YPR161C",1056
2050,"YIL154C",1056
2051,"YJR062C",1056
2052,"YDR144C",1053
2053,"YOR090C",1052
2054,"YDR539W",1052
2055,"YGL172W",105
2056,"YGR194C",1049
2057,"YOR150W",1048
2058,"YBR204C",1048
2059,"YLR126C",1045
2060,"YBL098W",1041
2061,"YDR011W",1041
2062,"YIL070C",1039
2063,"YGR031W",1038
2064,"YBR200W",1037
2065,"YDR397C",1036
2066,"YKL028W",1032
2067,"YPR100W",1031
2068,"YER105C",1029
2069,"YBR242W",1028
2070,"YNL022C",1027
2071,"YDL193W",1027
2072,"YNL119W",1026
2073,"YNL229C",1024
2074,"YAL014C",1022
2075,"YJL024C",102
2076,"YHR085W",102
2077,"YJR131W",1018
2078,"YDR021W",1017
2079,"YKR077W",1017
2080,"YML057W",1016
2081,"YDR303C",1015
2082,"YNL156C",1006
2083,"YIL103W",1006
2084,"YDR017C",1005
2085,"YOR195W",1005
2086,"YER034W",1004
2087,"YKL039W",1002
2088,"YLR114C",1
2089,"YMR216C",999
2090,"YDR311W",998
2091,"YBL071W-A",997
2092,"YMR153W",996
2093,"YDR322W",994
2094,"YJR074W",993
2095,"YNL315C",993
2096,"YBR208C",992
2097,"YEL022W",992
2098,"YDR262W",991
2099,"YDR430C",989
2100,"YPL184C",989
2101,"YDR237W",988
2102,"YOR094W",986
2103,"YER107C",984
2104,"YJR093C",982
2105,"YMR086W",982
2106,"YLR413W",981
2107,"YPR051W",979
2108,"YER092W",979
2109,"YHR122W",976
2110,"YOR207C",976
2111,"YML062C",975
2112,"YLR393W",974
2113,"YGL044C",974
2114,"YGL087C",974
2115,"YLR369W",973
2116,"YMR267W",972
2117,"YMR266W",969
2118,"YGL086W",969
2119,"YDR221W",968
2120,"YDR267C",967
2121,"YBL016W",964
2122,"YKR086W",964
2123,"YKL159C",963
2124,"YDR493W",957
2125,"YMR193W",952
2126,"YPL116W",949
2127,"YDL002C",949
2128,"YPL198W",948
2129,"YKL140W",946
2130,"YBR193C",945
2131,"YDR379C-A",944
2132,"YCR047C",941
2133,"YDR381C-A",941
2134,"YGR076C",940
2135,"YFR028C",938
2136,"YOR112W",937
2137,"YGL151W",937
2138,"YGR129W",936
2139,"YBL105C",935
2140,"YDL082W",935
2141,"YAL041W",934
2142,"YMR251W-A",934
2143,"YLR412W",932
2144,"YJL165C",930
2145,"YDR441C",929
2146,"YKL119C",929
2147,"YJL030W",928
2148,"YMR113W",926
2149,"YMR050C",926
2150,"YPR048W",925
2151,"YNR010W",925
2152,"YBR058C",924
2153,"YDR045C",917
2154,"YML115C",917
2155,"YDR320C",915
2156,"YJL205C",915
2157,"YGR174C",915
2158,"YGL125W",914
2159,"YPL222W",914
2160,"YFL002C",913
2161,"YBR167C",913
2162,"YKL173W",913
2163,"YKL006C-A",910
2164,"YER022W",910
2165,"YDR049W",910
2166,"YHR181W",909
2167,"YLR170C",908
2168,"YDR141C",905
2169,"YHR060W",903
2170,"YGL013C",901
2171,"YHR147C",900
2172,"YER010C",900
2173,"YFL041W",899
2174,"YML093W",898
2175,"YMR303C",898
2176,"YGR266W",897
2177,"YPR023C",896
2178,"YGR283C",894
2179,"YHL004W",892
2180,"YOR238W",891
2181,"YPR147C",888
2182,"YGR084C",888
2183,"YGR106C",887
2184,"YLR083C",886
2185,"YIL003W",884
2186,"YNR049C",883
2187,"YPL140C",882
2188,"YDR268W",882
2189,"YOR035C",881
2190,"YOR229W",880
2191,"YHL007C",879
2192,"YER182W",879
2193,"YOL066C",878
2194,"YBR057C",877
2195,"YDR236C",876
2196,"YOR194C",876
2197,"YDR229W",872
2198,"YJL180C",871
2199,"YGL047W",870
2200,"YOL071W",870
2201,"YKL206C",869
2202,"YEL001C",868
2203,"YEL036C",867
2204,"YNL021W",867
2205,"YDR182W",865
2206,"YHR083W",865
2207,"YBR024W",864
2208,"YOL055C",864
2209,"YAR031W;YGL053W",863
2210,"YBR265W",863
2211,"YOR106W",862
2212,"YGL164C",861
2213,"YLR148W",861
2214,"YBR282W",860
2215,"YBR003W",858
2216,"YMR112C",857
2217,"YPR097W",856
2218,"YLR146C",856
2219,"YBR146W",855
2220,"YDR305C",854
2221,"YBL033C",854
2222,"YCR057C",853
2223,"YPL227C",851
2224,"YDL128W",851
2225,"YDL019C",850
2226,"YML019W",849
2227,"YMR259C",847
2228,"YNL041C",847
2229,"YKR024C",846
2230,"YDR505C",845
2231,"YKL047W",843
2232,"YDR175C",843
2233,"YGL254W",842
2234,"YHR034C",841
2235,"YIL148W;YKR094C;YIL148W;YKR094C",841
2236,"YJR132W",841
2237,"YGL121C",839
2238,"YHR195W",838
2239,"YPL065W",838
2240,"YIL127C",837
2241,"YNL169C",836
2242,"YLR063W",835
2243,"YMR140W",833
2244,"YGR026W",833
2245,"YOL032W",833
2246,"YDL120W",831
2247,"YPL183C",830
2248,"YDR337W",830
2249,"YKR079C",829
2250,"YIL157C",826
2251,"YJL062W-A",826
2252,"YDL230W",826
2253,"YMR117C",825
2254,"YJL029C",823
2255,"YGL184C",821
2256,"YIL015W",820
2257,"YHL002W",820
2258,"YKR067W",819
2259,"YFL013C",819
2260,"YDR312W",817
2261,"YDR007W",815
2262,"YIL104C",815
2263,"YGL185C",815
2264,"YDR398W",813
2265,"YJL096W",812
2266,"YDR458C",811
2267,"YGR201C",811
2268,"YKL186C",810
2269,"YML117W",810
2270,"YOR056C",809
2271,"YML129C",806
2272,"YPL208W",805
2273,"YGR024C",803
2274,"YHR135C",803
2275,"YAL017W",802
2276,"YML009C",801
2277,"YEL032W",800
2278,"YKL194C",800
2279,"YOR085W",799
2280,"YNL049C",798
2281,"YLR143W",798
2282,"YOR250C",798
2283,"YER029C",798
2284,"YHR038W",793
2285,"YER127W",790
2286,"YLR120C",789
2287,"YNL032W",788
2288,"YCL034W",787
2289,"YML098W",786
2290,"YGL091C",784
2291,"YGL150C",783
2292,"YKL122C",782
2293,"YJR042W",781
2294,"YHR094C",780
2295,"YDL234C",780
2296,"YKR083C",780
2297,"YGL004C",779
2298,"YKL025C",778
2299,"YNL004W",777
2300,"YDR167W",777
2301,"YPL144W",776
2302,"YGR032W",776
2303,"YGL016W",773
2304,"YJL184W",771
2305,"YMR239C",770
2306,"YDR097C",769
2307,"YGR156W",769
2308,"YGL145W",768
2309,"YNL100W",767
2310,"YER020W",767
2311,"YLR455W",767
2312,"YER149C",765
2313,"YLR045C",765
2314,"YNR029C",765
2315,"YGL203C",764
2316,"YJL125C",764
2317,"YFL047W",763
2318,"YNL180C",760
2319,"YOR087W",759
2320,"YOR347C",755
2321,"YER166W",754
2322,"YGL056C",754
2323,"YBL035C",751
2324,"YGL038C",749
2325,"YEL007W",748
2326,"YBL079W",748
2327,"YDR511W",748
2328,"YML007W",746
2329,"YGR147C",743
2330,"YGL098W",742
2331,"YDR138W",742
2332,"YFR040W",740
2333,"YAR027W",740
2334,"YJL164C",738
2335,"YDR356W",737
2336,"YGL061C",736
2337,"YGL119W",736
2338,"YJL088W",736
2339,"YDR400W",736
2340,"Q0045",735
2341,"YDR028C",735
2342,"YGR165W",733
2343,"YJL203W",732
2344,"YGR177C",731
2345,"YDR054C",730
2346,"YDR163W",730
2347,"YIL096C",729
2348,"YMR075W",728
2349,"YBR291C",728
2350,"YDR051C",725
2351,"YGR072W",725
2352,"YHR111W",724
2353,"YBR123C",723
2354,"YDR469W",723
2355,"YGR195W",722
2356,"YDL087C",722
2357,"YMR052W",721
2358,"YER030W",719
2359,"YOR006C",719
2360,"YPR135W",718
2361,"YBR216C",717
2362,"YHR154W",717
2363,"YDR515W",716
2364,"YLR219W",716
2365,"YDL224C",716
2366,"YOR212W",716
2367,"YEL012W",714
2368,"YKR023W",713
2369,"YCL010C",713
2370,"YHR188C",712
2371,"YER100W",711
2372,"YGL174W",709
2373,"YLR298C",709
2374,"YBL051C",708
2375,"YDR183W",708
2376,"YLR220W",706
2377,"YJL039C",706
2378,"YCR035C",705
2379,"YOL087C",705
2380,"YPL134C",703
2381,"YPL096W",703
2382,"YPR067W",702
2383,"YMR115W",701
2384,"YDR116C",701
2385,"YHR123W",701
2386,"YML030W",700
2387,"YDR067C",700
2388,"YEL029C",698
2389,"YDR089W",697
2390,"YCR017C",696
2391,"YMR005W",695
2392,"YML112W",695
2393,"YLR407W",690
2394,"YLR134W",689
2395,"YGR172C",688
2396,"YAL029C",687
2397,"YGL223C",686
2398,"YPR070W",686
2399,"YDR119W",685
2400,"YML071C",685
2401,"YLR419W",683
2402,"YLR226W",682
2403,"YMR236W",680
2404,"YJR134C",680
2405,"YOL115W",678
2406,"YNL245C",678
2407,"YMR058W",677
2408,"YDR494W",677
2409,"YOL124C",677
2410,"YNR008W",676
2411,"YJL168C",676
2412,"YNL258C",675
2413,"YOR360C",675
2414,"YNL115C",675
2415,"YPL161C",674
2416,"YMR209C",673
2417,"YLR386W",671
2418,"YOR036W",670
2419,"YDR041W",670
2420,"YNL093W",663
2421,"YLR065C",663
2422,"YNL133C",662
2423,"YDR531W",661
2424,"YBR272C",660
2425,"YJR055W",659
2426,"YJR041C",659
2427,"YIL123W",659
2428,"YNL263C",658
2429,"YDR383C",658
2430,"YGR271W",658
2431,"YML080W",657
2432,"YDR310C",656
2433,"YLR182W",654
2434,"YDR460W",654
2435,"YER157W",653
2436,"YNL297C",653
2437,"YCL052C",652
2438,"YBR202W",652
2439,"YMR228W",650
2440,"YNL026W",649
2441,"YKL166C",649
2442,"YDR296W",648
2443,"YLR078C",647
2444,"YMR076C",646
2445,"YMR121C",646
2446,"YDR246W",646
2447,"YBR037C",645
2448,"YNL320W",645
2449,"YDL111C",644
2450,"YNR040W",643
2451,"YOR155C",643
2452,"YPL125W",641
2453,"YOR319W",641
2454,"YJR082C",639
2455,"YER008C",639
2456,"YGR126W",638
2457,"YPR156C",638
2458,"YGR017W",638
2459,"YNL161W",638
2460,"YJL141C",637
2461,"YPL049C",636
2462,"YGR251W",635
2463,"YKL057C",634
2464,"YML015C",632
2465,"YNR074C",631
2466,"YNL005C",631
2467,"YHR167W",630
2468,"YDL076C",630
2469,"YOR111W",629
2470,"YDL044C",629
2471,"YIL149C",628
2472,"YBR258C",628
2473,"YER061C",628
2474,"YPL046C",628
2475,"YKL061W",626
2476,"YNL139C",626
2477,"YLR071C",626
2478,"YLR080W",624
2479,"YDR333C",624
2480,"YPL058C",620
2481,"YDR508C",620
2482,"YDR195W",619
2483,"YCL044C",619
2484,"YCR005C",618
2485,"YGR120C",615
2486,"YHR056C",615
2487,"YIL106W",615
2488,"YOR110W",615
2489,"YBR028C",614
2490,"YDR279W",614
2491,"YLR095C",613
2492,"YBL038W",613
2493,"YOR221C",610
2494,"YER163C",610
2495,"YDR434W",610
2496,"YBR042C",609
2497,"YHR198C",608
2498,"YJR067C",605
2499,"YOL070C",605
2500,"YLR068W",604
2501,"YDR061W",604
2502,"YDR405W",603
2503,"YLR286C",603
2504,"YDR166C",602
2505,"YCR063W",602
2506,"YPL051W",601
2507,"YHR110W",601
2508,"YNL130C",600
2509,"YOR075W",600
2510,"YLR166C",600
2511,"YPL115C",599
2512,"YGR102C",599
2513,"YGL241W",598
2514,"YDR169C",598
2515,"YKL003C",597
2516,"YOR130C",597
2517,"YOR320C",596
2518,"YJR022W",595
2519,"YDR122W",595
2520,"YGL141W",593
2521,"YPR055W",592
2522,"YPL259C",592
2523,"YAL026C",591
2524,"YCR027C",591
2525,"YHR084W",591
2526,"YLR306W",591
2527,"YNR030W",590
2528,"YJL204C",590
2529,"YGL211W",588
2530,"YBR251W",588
2531,"YPL118W",587
2532,"YPL173W",587
2533,"YGL226C-A",587
2534,"YGR252W",587
2535,"YBR188C",586
2536,"YGR286C",585
2537,"YDL177C",584
2538,"YLR362W",584
2539,"YDR507C",583
2540,"YBR055C",582
2541,"YBR102C",582
2542,"YMR196W",581
2543,"YIL048W",581
2544,"YHR073W",581
2545,"YMR104C",580
2546,"YPL099C",580
2547,"YPL101W",579
2548,"YMR167W",578
2549,"YKL165C",578
2550,"YPL108W",578
2551,"YJL197W",577
2552,"YER101C",576
2553,"YOR262W",576
2554,"YGL005C",575
2555,"YJR097W",574
2556,"YGR028W",574
2557,"YML065W",573
2558,"YCR086W",572
2559,"YMR147W",571
2560,"YJL154C",571
2561,"YMR247C",571
2562,"YHR028C",570
2563,"YGR127W",569
2564,"YNL222W",569
2565,"YIL009W",569
2566,"YMR194C-B",568
2567,"YFR043C",568
2568,"YIR024C",568
2569,"YNL262W",567
2570,"YER114C",567
2571,"YGR097W",566
2572,"YGL017W",566
2573,"YLR414C",566
2574,"YOR252W",565
2575,"YHR106W",564
2576,"YJR130C",564
2577,"YGR100W",561
2578,"YJR112W",558
2579,"YNR012W",558
2580,"YPL152W",557
2581,"YCL016C",557
2582,"YKR028W",557
2583,"YBR145W",555
2584,"YDR295C",555
2585,"YNL006W",555
2586,"YGL084C",552
2587,"YBR065C",551
2588,"YGL201C",551
2589,"YOL051W",550
2590,"YER128W",549
2591,"YBR119W",548
2592,"YKL205W",547
2593,"YGR038W",547
2594,"YMR223W",545
2595,"YPL082C",545
2596,"YOR336W",543
2597,"YOL012C",543
2598,"YLR034C",543
2599,"YJR049C",542
2600,"YNL256W",542
2601,"YOR354C",541
2602,"YER027C",539
2603,"YIL030C",538
2604,"YPL214C",538
2605,"YMR009W",537
2606,"YHR155W",537
2607,"YJR003C",536
2608,"YLR005W",536
2609,"YOR119C",536
2610,"YML082W",535
2611,"YDL025C",535
2612,"YGL110C",534
2613,"YDR407C",534
2614,"YLR237W",534
2615,"YNL240C",531
2616,"YKR076W",530
2617,"YER056C",529
2618,"YBR074W",529
2619,"YJL044C",529
2620,"YNL211C",528
2621,"YNR033W",528
2622,"YFL029C",525
2623,"YPR018W",524
2624,"YPR174C",524
2625,"YMR184W",524
2626,"YGR270W",524
2627,"YDR457W",523
2628,"YLR050C",523
2629,"YNL267W",523
2630,"YBR213W",522
2631,"YNL186W",521
2632,"YDL027C",521
2633,"YIL131C",521
2634,"YER087W",520
2635,"YDL113C",519
2636,"YKL023C-A",518
2637,"YGR237C",517
2638,"YCR067C",517
2639,"YJL126W",517
2640,"YOR321W",516
2641,"YIL114C",515
2642,"YHR101C",515
2643,"YAL013W",511
2644,"YBL054W",511
2645,"YGL066W",511
2646,"YKR090W",510
2647,"YFL026W",510
2648,"YIL097W",510
2649,"YGL067W",508
2650,"YKL018C-A",508
2651,"YGR199W",507
2652,"YPR040W",507
2653,"YGR056W",506
2654,"YAR042W",505
2655,"YOL018C",504
2656,"YLR336C",504
2657,"YOR359W",503
2658,"YLR357W",503
2659,"YPR037C",502
2660,"YPL100W",502
2661,"R0030W",502
2662,"YDR287W",500
2663,"YNL066W",500
2664,"YGR250C",499
2665,"YLR430W",498
2666,"YDR373W",497
2667,"YOR219C",496
2668,"YHR136C",496
2669,"YEL018W",495
2670,"YJL133W",493
2671,"YNR023W",492
2672,"YBR122C",491
2673,"YFL001W",491
2674,"YOL141W",490
2675,"YPL003W",490
2676,"YMR233W",489
2677,"YHR040W",488
2678,"YMR054W",487
2679,"YDL165W",487
2680,"YLR057W",486
2681,"YLR274W",485
2682,"YGL161C",485
2683,"YMR255W",484
2684,"YMR102C",481
2685,"YLR450W",481
2686,"YKL005C",480
2687,"YNL072W",480
2688,"YER169W",480
2689,"YNL271C",480
2690,"YKL010C",479
2691,"YCL026C-B",479
2692,"YGR122W",478
2693,"YNL317W",477
2694,"YDL088C",475
2695,"YOR115C",474
2696,"YBR081C",474
2697,"YLR323C",474
2698,"YOL159C-A",473
2699,"YCR054C",473
2700,"YLR337C",473
2701,"YFL007W",473
2702,"YNL085W",473
2703,"YDL209C",472
2704,"YLR090W",471
2705,"YKL139W",471
2706,"YBR185C",471
2707,"YLR154C",471
2708,"YER171W",470
2709,"YKL084W",469
2710,"YML121W",469
2711,"YHR139C",468
2712,"YNL284C",466
2713,"YDR173C",466
2714,"YFR007W",465
2715,"YKL019W",465
2716,"YDL156W",464
2717,"YLR440C",464
2718,"YOR160W",463
2719,"YOR275C",463
2720,"YHR144C",461
2721,"YPL148C",461
2722,"YNL280C",461
2723,"YAL027W",461
2724,"YKL045W",460
2725,"YOR246C",460
2726,"YJL082W",459
2727,"YJL098W",459
2728,"YPR107C",458
2729,"YPR171W",458
2730,"YMR312W",457
2731,"YMR055C",457
2732,"YMR281W",456
2733,"YOR076C",456
2734,"YER123W",456
2735,"YKR052C",456
2736,"YHR206W",455
2737,"YBL101C",454
2738,"YGL022W",454
2739,"YGL233W",454
2740,"YDR452W",453
2741,"YER172C",453
2742,"YIL093C",452
2743,"YCR048W",452
2744,"YGR074W",452
2745,"YMR275C",452
2746,"YLR015W",451
2747,"YKL078W",450
2748,"YPR021C",450
2749,"YAL034W-A",450
2750,"YPL138C",449
2751,"YDR245W",448
2752,"YPL074W",447
2753,"YJL112W",446
2754,"YML014W",446
2755,"YBL067C",446
2756,"YOR175C",446
2757,"YJR083C",445
2758,"YFR041C",444
2759,"YLR096W",444
2760,"YNL282W",443
2761,"YKR037C",443
2762,"YPL110C",442
2763,"YDR137W",439
2764,"YLR243W",439
2765,"YDL063C",438
2766,"YPR117W",437
2767,"YEL048C",435
2768,"YNL102W",434
2769,"YPR032W",433
2770,"YNL250W",433
2771,"YNL288W",432
2772,"YLR212C",432
2773,"YDR316W",432
2774,"YJL201W",432
2775,"YMR238W",431
2776,"YBR192W",430
2777,"YOL060C",429
2778,"YNL039W",429
2779,"YLL014W",429
2780,"YHR017W",429
2781,"YBR187W",429
2782,"YPL252C",428
2783,"YNL215W",428
2784,"YNL224C",428
2785,"YML034W",428
2786,"YPR182W",427
2787,"YBL037W",426
2788,"YOR316C",426
2789,"YDR036C",426
2790,"YDR088C",425
2791,"YBR271W",425
2792,"YKL075C",424
2793,"YIL036W",424
2794,"YLR011W",424
2795,"YBR233W",424
2796,"YPL132W",422
2797,"YFL046W",421
2798,"YHR075C",421
2799,"YHR205W",419
2800,"YCL029C",418
2801,"YMR231W",418
2802,"YNL272C",418
2803,"YPR159W",418
2804,"YNL027W",417
2805,"YMR060C",416
2806,"YLR305C",415
2807,"YML032C",415
2808,"YER078C",415
2809,"YBL061C",413
2810,"YLR116W",413
2811,"YOR038C",412
2812,"YNL197C",412
2813,"YDR264C",411
2814,"YJL085W",411
2815,"YAL039C",411
2816,"YGR222W",410
2817,"YKR085C",410
2818,"YGR260W",409
2819,"YPR025C",409
2820,"YMR114C",408
2821,"YFL042C",408
2822,"YHR077C",407
2823,"YGL222C",407
2824,"YJR031C",407
2825,"YDL167C",406
2826,"YOL045W",406
2827,"YFL034C-B",404
2828,"YDL045W-A",404
2829,"YLR021W",404
2830,"YGR112W",402
2831,"YKL026C",401
2832,"YIR007W",401
2833,"YFR005C",401
2834,"YDL006W",400
2835,"YDR192C",399
2836,"YBL085W",399
2837,"YOR052C",398
2838,"YER059W",398
2839,"YIL052C;YER056C-A",398
2840,"YOR274W",398
2841,"YNL261W",398
2842,"YLR277C",397
2843,"YOL096C",397
2844,"YNL298W",397
2845,"YDL115C",397
2846,"YIL130W",397
2847,"YBR091C",396
2848,"YCR015C",396
2849,"YMR059W",396
2850,"YLR316C",395
2851,"YCR046C",395
2852,"YBL090W",395
2853,"YNL124W",395
2854,"YOR118W",395
2855,"YLR077W",394
2856,"YIR005W",394
2857,"YNL227C",394
2858,"YJR008W",394
2859,"YDR484W",394
2860,"YGL227W",393
2861,"YMR277W",393
2862,"YBR215W",393
2863,"YNL106C",393
2864,"YDR335W",393
2865,"YGR068C",392
2866,"YBR103W",391
2867,"YPR105C",391
2868,"YGR089W",391
2869,"YDL203C",391
2870,"YKL087C",391
2871,"YMR165C",391
2872,"YGR058W",389
2873,"YBR002C",388
2874,"YLR079W",387
2875,"YJR091C",387
2876,"YGL083W",386
2877,"YNL051W",386
2878,"YMR313C",386
2879,"YMR263W",384
2880,"YLR107W",384
2881,"YDL207W",384
2882,"YGR013W",384
2883,"YMR124W",384
2884,"YKL017C",384
2885,"YHL020C",383
2886,"YDL223C",383
2887,"YML059C",383
2888,"YMR078C",382
2889,"YKL144C",381
2890,"YBL023C",381
2891,"YHR023W",380
2892,"YGR198W",379
2893,"YCR037C",377
2894,"YOR227W",377
2895,"YGR149W",377
2896,"YDR371W",377
2897,"YGR163W",377
2898,"YMR219W",377
2899,"YDL045C",377
2900,"YLR144C",376
2901,"YLR310C",376
2902,"YER154W",375
2903,"YJL042W",375
2904,"YAL058W",375
2905,"YNL192W",375
2906,"YDR286C",374
2907,"YDR389W",374
2908,"YIL026C",373
2909,"YHR053C;YHR055C;YHR053C;YHR055C",373
2910,"YPL128C",373
2911,"YPL247C",373
2912,"YKL012W",372
2913,"YBR085W",371
2914,"YPL123C",371
2915,"YDL102W",371
2916,"YNL199C",370
2917,"YMR301C",370
2918,"YDR255C",369
2919,"YPL265W",369
2920,"YNL074C",369
2921,"YMR188C",368
2922,"YPL196W",368
2923,"YDR425W",367
2924,"YJL049W",367
2925,"YGR002C",366
2926,"YOL108C",364
2927,"YPL016W",364
2928,"YIL068C",364
2929,"YLL032C",364
2930,"YGR220C",364
2931,"YOR245C",363
2932,"YDR206W",363
2933,"YKL059C",362
2934,"YGL073W",361
2935,"YNL023C",361
2936,"YNL076W",361
2937,"YDR162C",360
2938,"YGL025C",360
2939,"YNL191W",358
2940,"YIL047C",358
2941,"YHR161C",357
2942,"YGL133W",357
2943,"YNR024W",357
2944,"YOL130W",356
2945,"YOR352W",355
2946,"YNL221C",354
2947,"YDL089W",354
2948,"YDL043C",353
2949,"YNL116W",353
2950,"YDL175C",352
2951,"YBR073W",352
2952,"YNR028W",350
2953,"YHR186C",350
2954,"YOR179C",350
2955,"YDR489W",349
2956,"YDL042C",348
2957,"YBR095C",347
2958,"YKL116C",347
2959,"YJR046W",347
2960,"YNL020C",346
2961,"YNL183C",346
2962,"YFR021W",345
2963,"YLR211C",345
2964,"YMR227C",345
2965,"YPL186C",345
2966,"YJR040W",345
2967,"YKL042W",344
2968,"YMR132C",344
2969,"YAR014C",344
2970,"YNL246W",344
2971,"YOR125C",343
2972,"YKR087C",343
2973,"YDR468C",343
2974,"YGL117W",342
2975,"YBR246W",342
2976,"YNL052W",342
2977,"YGL064C",342
2978,"YNR067C",340
2979,"YIL135C",340
2980,"YGL094C",340
2981,"YLR189C",340
2982,"YNL217W",340
2983,"YPL193W",340
2984,"YKL219W",337
2985,"YKR020W",337
2986,"YNL117W",337
2987,"YBR125C",337
2988,"YDL018C",336
2989,"YMR240C",335
2990,"YPL069C",335
2991,"YEL053C",335
2992,"YLR396C",335
2993,"YDR200C",335
2994,"YDR498C",334
2995,"YGL180W",334
2996,"YIL017C",333
2997,"YDR379W",332
2998,"YJL131C",331
2999,"YJR092W",331
3000,"YHR099W",331
3001,"YEL020C",330
3002,"YLR345W",330
3003,"YBL011W",330
3004,"YMR020W",330
3005,"YJR043C",329
3006,"YNL253W",328
3007,"YGR105W",328
3008,"YJR006W",328
3009,"YNL155W",327
3010,"YKL064W",327
3011,"YDR473C",326
3012,"YPL180W",326
3013,"YGR196C",326
3014,"YLR081W",325
3015,"YOL048C",325
3016,"YPL053C",324
3017,"YPL241C",324
3018,"YDL012C",323
3019,"YKL095W",323
3020,"YLL004W",322
3021,"YNL323W",322
3022,"YKL023W",322
3023,"YKL074C",321
3024,"YER145C",321
3025,"YJR005W",319
3026,"YLL015W",319
3027,"YNL193W",319
3028,"YAL031C",319
3029,"YKR029C",319
3030,"YJL005W",318
3031,"YGR274C",316
3032,"YDR512C",316
3033,"YDL098C",316
3034,"YML102W",316
3035,"YLR240W",315
3036,"YPL097W",314
3037,"YPL064C",314
3038,"YGR191W",314
3039,"YKL138C-A",314
3040,"YHR118C",313
3041,"YPL274W",313
3042,"YPL122C",313
3043,"YOR287C",312
3044,"YIL117C",312
3045,"YGL225W",312
3046,"YMR041C",312
3047,"YDR239C",311
3048,"YHR199C-A",311
3049,"YPR045C",311
3050,"YLR006C",311
3051,"YDR080W",311
3052,"YLR375W",310
3053,"YDR020C",310
3054,"YDR140W",309
3055,"YPR104C",308
3056,"YOL025W",308
3057,"YGR206W",307
3058,"YBR257W",307
3059,"YGR184C",307
3060,"YNL056W",306
3061,"YJL198W",306
3062,"YFL030W",306
3063,"YPR179C",306
3064,"YDR480W",306
3065,"YJR010W",306
3066,"YDL159W",305
3067,"YER113C",304
3068,"YLR218C",304
3069,"YKL002W",304
3070,"YDR357C",303
3071,"YOL083W",303
3072,"YOR148C",303
3073,"YAL001C",302
3074,"YOR304W",302
3075,"YCR095C",302
3076,"YLR115W",302
3077,"YBR054W",302
3078,"YNR052C",302
3079,"YNL225C",301
3080,"YDL036C",301
3081,"YLR332W",301
3082,"YMR087W",301
3083,"YBL103C",300
3084,"YLR097C",300
3085,"YDL077C",300
3086,"YLR188W",299
3087,"YLR238W",299
3088,"YOL062C",298
3089,"YLR442C",298
3090,"YKL197C",298
3091,"YDR235W",298
3092,"YOR233W",298
3093,"YDR380W",298
3094,"YGR125W",297
3095,"YPL233W",297
3096,"YHR100C",297
3097,"YHL017W",297
3098,"YER017C",297
3099,"YDL001W",296
3100,"YDR069C",294
3101,"YAL053W",293
3102,"YKR089C",293
3103,"YFR031C",291
3104,"YDL030W",291
3105,"YEL050C",290
3106,"YOL146W",290
3107,"YKR100C",290
3108,"YIL107C",289
3109,"YGR169C",289
3110,"YCL012C",289
3111,"YJL072C",288
3112,"YJL151C",288
3113,"YBR197C",288
3114,"YBR153W",288
3115,"YPR047W",288
3116,"YDR301W",286
3117,"YDR179C",286
3118,"YDR027C",285
3119,"YHR172W",285
3120,"YPL120W",284
3121,"YBL086C",284
3122,"YGR092W",284
3123,"YBR268W",284
3124,"YMR288W",284
3125,"YLL043W",282
3126,"YBR069C",282
3127,"YLR382C",282
3128,"YDR058C",281
3129,"YLR439W",281
3130,"YNL127W",280
3131,"YOR284W",280
3132,"YMR070W",279
3133,"YER019W",279
3134,"YNL099C",279
3135,"YPL219W",279
3136,"YGR057C",278
3137,"YDL189W",277
3138,"YBL034C",277
3139,"YDR243C",277
3140,"YPL045W",277
3141,"YLR460C",276
3142,"YER142C",275
3143,"YPR178W",275
3144,"YDR075W",275
3145,"YPL221W",275
3146,"YPL017C",274
3147,"YMR044W",274
3148,"YLR055C",274
3149,"YGL023C",273
3150,"YCL032W",273
3151,"YHR191C",273
3152,"YDR176W",273
3153,"YAL048C",273
3154,"YNL073W",273
3155,"YBR129C",272
3156,"YDR208W",272
3157,"YOR008C",271
3158,"YBR287W",271
3159,"YJL139C",271
3160,"YIL153W",271
3161,"YIL061C",271
3162,"YJL019W",270
3163,"YDR201W",270
3164,"YOR018W",270
3165,"YML064C",269
3166,"YIL144W",269
3167,"YPL057C",268
3168,"YLL006W",268
3169,"YLR139C",267
3170,"YLR241W",267
3171,"YOR353C",267
3172,"YER058W",266
3173,"YDR081C",266
3174,"YIL014W",265
3175,"YCL014W",265
3176,"YGR241C",264
3177,"YBR117C",264
3178,"YML011C",264
3179,"YIL019W",264
3180,"YML096W",262
3181,"YER047C",262
3182,"YMR225C",261
3183,"YDR448W",261
3184,"YML111W",259
3185,"YNL242W",259
3186,"YGL208W",259
3187,"YKL004W",259
3188,"YOL069W",259
3189,"YFL024C",258
3190,"YPL203W",258
3191,"YDL101C",258
3192,"YMR048W",257
3193,"YBR023C",257
3194,"YLR191W",256
3195,"YHR059W",256
3196,"YOR244W",256
3197,"YHL038C",255
3198,"YAL009W",255
3199,"YDR252W",255
3200,"YPR085C",255
3201,"YEL043W",254
3202,"YMR289W",253
3203,"YLR361C",253
3204,"YOR305W",253
3205,"YDR110W",252
3206,"YNR059W",252
3207,"YPL007C",252
3208,"YIL161W",252
3209,"YFL049W",252
3210,"YIR021W",252
3211,"YNL293W",251
3212,"YGR223C",251
3213,"YNL068C",251
3214,"YLR086W",251
3215,"YBR278W",250
3216,"YCL058W-A",249
3217,"YJR033C",249
3218,"YAL010C",249
3219,"YDR147W",248
3220,"YKR036C",248
3221,"YML049C",248
3222,"YPL006W",248
3223,"YHL009C",247
3224,"YDL139C",247
3225,"YBR030W",247
3226,"YGL243W",247
3227,"YJL196C",246
3228,"YGR133W",246
3229,"YLR410W-B;YFL002W-A;YGR161W-B;YFL002W-A;YGR161W-B;YCL019W;YDR210W-B;YDR034C-D;YBL100W-B",245
3230,"YKL149C",245
3231,"YIR009W",245
3232,"YPL055C",245
3233,"YBR289W",245
3234,"YEL059C-A",245
3235,"YIL049W",244
3236,"YPL002C",244
3237,"YLR187W",243
3238,"YBL104C",242
3239,"YNL233W",242
3240,"YPL124W",242
3241,"YDR330W",242
3242,"YML005W",240
3243,"YCR094W",240
3244,"YCR033W",238
3245,"YPR116W",238
3246,"YNL218W",238
3247,"YDR261C",237
3248,"YPR175W",237
3249,"YBR194W",237
3250,"YOL135C",237
3251,"YLL007C",237
3252,"YOR201C",236
3253,"YLR452C",236
3254,"YDR202C",236
3255,"YDR093W",236
3256,"YDR436W",236
3257,"YDR006C",236
3258,"YOR054C",236
3259,"YHL048W",236
3260,"YJR084W",235
3261,"YKL092C",234
3262,"YBR210W",234
3263,"YGR263C",234
3264,"YIL129C",234
3265,"YPL070W",233
3266,"YGR104C",233
3267,"YNL097C",233
3268,"YGL178W",232
3269,"YER013W",232
3270,"YDR005C",231
3271,"YKR078W",231
3272,"YLR001C",231
3273,"YIL143C",231
3274,"YDL240W",231
3275,"YGL045W",231
3276,"YGR246C",230
3277,"YCR092C",230
3278,"YNR064C",230
3279,"YLR427W",229
3280,"YOL100W",229
3281,"YDR313C",228
3282,"YPL151C",228
3283,"YHR105W",228
3284,"YPR152C",228
3285,"YER050C",227
3286,"YMR268C",227
3287,"YGL197W",226
3288,"YPR008W",226
3289,"YBL107C",226
3290,"YPL168W",226
3291,"YDR461C-A",225
3292,"YNL162W-A",225
3293,"YJR066W",225
3294,"YLR082C",225
3295,"YCL039W",225
3296,"YHR165C",225
3297,"YBR225W",224
3298,"YMR265C",224
3299,"YOR067C",224
3300,"YDR244W",223
3301,"YCR042C",223
3302,"YBL020W",222
3303,"YGR009C",222
3304,"YIL156W",221
3305,"YPL104W",221
3306,"YDR490C",221
3307,"YER037W",221
3308,"YGR006W",220
3309,"YBR108W",220
3310,"YOR070C",220
3311,"YKL032C",219
3312,"YAL047C",219
3313,"YLR352W",219
3314,"YJR111C",218
3315,"YGR140W",218
3316,"YLR039C",218
3317,"YBR296C",217
3318,"YPR089W",217
3319,"YKL134C",217
3320,"YNL167C",217
3321,"YGR166W",216
3322,"YGL256W",216
3323,"YCL025C",215
3324,"YJL090C",214
3325,"YDR428C",214
3326,"YPL034W",214
3327,"YAR033W",214
3328,"YML107C",213
3329,"YPR186C",213
3330,"YKL096W-A",213
3331,"YOR266W",212
3332,"YMR213W",212
3333,"YDL003W",212
3334,"YGL057C",211
3335,"YNR011C",211
3336,"YGR138C",211
3337,"YOR308C",211
3338,"YPR185W",211
3339,"YNL201C",210
3340,"YPL215W",210
3341,"YDR514C",210
3342,"YPR115W",210
3343,"YGL212W",210
3344,"YML118W",209
3345,"YML029W",209
3346,"YPL254W",208
3347,"YNL136W",208
3348,"YFL021W",208
3349,"YGR281W",208
3350,"YDR364C",207
3351,"YBR211C",207
3352,"YOR373W",207
3353,"YDR096W",207
3354,"YBL097W",206
3355,"YMR258C",206
3356,"YDL005C",206
3357,"YER161C",206
3358,"YER183C",206
3359,"YDR349C",206
3360,"YOR159C",206
3361,"YPL103C",205
3362,"YLR371W",205
3363,"YMR026C",205
3364,"YOL008W",205
3365,"YHR149C",205
3366,"YMR243C",204
3367,"YLR385C",204
3368,"YDR444W",204
3369,"YPL020C",204
3370,"YER079W",203
3371,"YPL213W",203
3372,"YOR297C",203
3373,"YLR405W",203
3374,"YGR247W",203
3375,"YLL012W",202
3376,"YKL203C",202
3377,"YNL158W",202
3378,"YGL194C",202
3379,"YGR141W",202
3380,"YGL248W",201
3381,"YOL053W",200
3382,"YDR108W",200
3383,"YHR171W",200
3384,"YMR016C",200
3385,"YFR013W",200
3386,"YMR095C",199
3387,"YDR309C",199
3388,"YBR231C",199
3389,"YDR227W",199
3390,"YDR326C",199
3391,"YDR013W",199
3392,"YJR138W",199
3393,"YBR068C",198
3394,"YLR019W",198
3395,"YER018C",198
3396,"YOR077W",198
3397,"YMR319C",197
3398,"YNR036C",196
3399,"YHR209W",195
3400,"YER111C",195
3401,"YGL028C",195
3402,"YGL124C",194
3403,"YOR301W",194
3404,"YGL237C",194
3405,"YMR211W",194
3406,"YDL090C",193
3407,"YLR260W",193
3408,"YMR282C",193
3409,"YGR171C",192
3410,"YJL070C",192
3411,"YBR254C",192
3412,"YOL082W",191
3413,"YLR239C",191
3414,"YKR063C",191
3415,"YIL042C",191
3416,"YBR071W",191
3417,"YPL137C",191
3418,"YHR103W",190
3419,"YLR132C",189
3420,"YDR331W",189
3421,"YNR032W",189
3422,"YJR119C",189
3423,"YBR179C",189
3424,"YOR258W",188
3425,"YER129W",187
3426,"YPR162C",187
3427,"YNL284C-B",187
3428,"YFR008W",186
3429,"YDR204W",186
3430,"YJR129C",186
3431,"YAR003W",185
3432,"YNL306W",185
3433,"YPL149W",185
3434,"YDR470C",185
3435,"YBR212W",185
3436,"YLR088W",184
3437,"YMR218C",184
3438,"YNL091W",184
3439,"YAL032C",183
3440,"YGR075C",183
3441,"YHR115C",183
3442,"YOR377W",183
3443,"YFR038W",182
3444,"YJL207C",182
3445,"YCR019W",182
3446,"YCL061C",182
3447,"YOR291W",182
3448,"YLL010C",182
3449,"YNR004W",182
3450,"YJL006C",182
3451,"YPL038W",182
3452,"YOR358W",182
3453,"YJL046W",181
3454,"YPL153C",181
3455,"YBL010C",181
3456,"YNR007C",181
3457,"YOL068C",180
3458,"YKR027W",180
3459,"YDL056W",180
3460,"YOR307C",180
3461,"YAL024C",180
3462,"YFL017W-A",179
3463,"YNL321W",179
3464,"YBL018C",179
3465,"YNR047W",179
3466,"YOL042W",179
3467,"YLL035W",178
3468,"YOR188W",178
3469,"YIL088C",178
3470,"YIL095W",177
3471,"YML046W",177
3472,"YNL164C",177
3473,"YDR198C",176
3474,"YOR166C",176
3475,"YDR039C;YDR038C",176
3476,"YML088W",176
3477,"YCL067C;YCR039C;YCL067C;YCR039C;YCR096C",176
3478,"YPR066W",176
3479,"YKL155C",176
3480,"YOL033W",175
3481,"YLR177W",174
3482,"YAL015C",174
3483,"YFL059W;YNL333W",173
3484,"YPR168W",173
3485,"YOL129W",173
3486,"YER077C",172
3487,"YBL095W",172
3488,"YFL027C",172
3489,"YML042W",172
3490,"YDR486C",172
3491,"YHR156C",172
3492,"YPL119C",171
3493,"YEL062W",171
3494,"YLL062C",171
3495,"YIL002C",171
3496,"YGR004W",170
3497,"YKR021W",170
3498,"YDR329C",170
3499,"YIL090W",169
3500,"YLR072W",169
3501,"YLR272C",169
3502,"YER137C",169
3503,"YLR091W",168
3504,"YGR003W",168
3505,"YHR142W",168
3506,"YGR255C",168
3507,"YDR439W",167
3508,"YNL299W",166
3509,"YFR034C",166
3510,"YOR290C",166
3511,"YNL278W",166
3512,"YOR181W",165
3513,"YDL091C",165
3514,"YFR039C",165
3515,"YKR022C",165
3516,"YJL047C",165
3517,"YBL074C",165
3518,"YDR478W",164
3519,"YIL079C",164
3520,"YNL257C",164
3521,"YMR106C",163
3522,"YDL217C",163
3523,"YIL046W",163
3524,"YDR016C",162
3525,"YDR057W",162
3526,"YMR295C",161
3527,"YDL117W",161
3528,"YPL018W",161
3529,"YHR102W",161
3530,"YHR011W",160
3531,"YNL316C",160
3532,"YMR185W",160
3533,"YNL249C",160
3534,"YCR076C",160
3535,"YCL008C",160
3536,"YDR283C",160
3537,"YGL139W",160
3538,"YGR287C",160
3539,"YOL056W",159
3540,"YML020W",159
3541,"YPR081C",159
3542,"YDR466W",159
3543,"YBR195C",159
3544,"YOL103W-B",157
3545,"YGR047C",157
3546,"YBL025W",157
3547,"YGR238C",157
3548,"YCR024C",157
3549,"YDR359C",157
3550,"YLR454W",157
3551,"YML095C",157
3552,"YGR021W",156
3553,"YHL029C",156
3554,"YNL254C",156
3555,"YLR047C",156
3556,"YAR028W",156
3557,"YJL071W",155
3558,"YIL085C",155
3559,"YFR017C",155
3560,"YGR170W",155
3561,"YPR111W",155
3562,"YDR485C",155
3563,"YJL073W",154
3564,"YKL138C",154
3565,"YDR180W",154
3566,"YML060W",154
3567,"YER088C",154
3568,"YPR141C",153
3569,"YLR087C",153
3570,"YJL137C",153
3571,"YIL077C",153
3572,"YKL174C",151
3573,"YGL240W",151
3574,"YMR056C",151
3575,"YAL055W",151
3576,"YLR228C",150
3577,"YLR085C",150
3578,"YMR293C",150
3579,"YDL108W",150
3580,"YBR152W",149
3581,"YLR201C",149
3582,"YLL061W",149
3583,"YMR037C",149
3584,"YJR110W",149
3585,"YKR031C",148
3586,"YDL017W",147
3587,"YDR375C",147
3588,"YLR408C",147
3589,"YLR283W",147
3590,"YOL138C",146
3591,"YDR240C",146
3592,"YAL061W",146
3593,"YPR079W",146
3594,"YNL311C",146
3595,"YMR156C",146
3596,"YCR059C",145
3597,"YDR497C",145
3598,"YMR177W",145
3599,"YML114C",144
3600,"YDR440W",144
3601,"YER065C",144
3602,"YKR099W",144
3603,"YML077W",144
3604,"YML031W",144
3605,"YGR055W",144
3606,"YML119W",143
3607,"YNL286W",143
3608,"YHR214C-B",143
3609,"YGL036W",143
3610,"YDR288W",143
3611,"YLR108C",143
3612,"YMR144W",142
3613,"YDL106C",142
3614,"YNL277W",142
3615,"YKL052C",142
3616,"YLR284C",142
3617,"YHR057C",141
3618,"YIL112W",141
3619,"YDR186C",140
3620,"YLR138W",140
3621,"YBR238C",140
3622,"YKL105C",139
3623,"YGL071W",139
3624,"YPL083C",139
3625,"YOR022C",139
3626,"YDR073W",138
3627,"YIL159W",138
3628,"YMR168C",138
3629,"YPR002W",137
3630,"YPL176C",137
3631,"YML052W",137
3632,"YOL054W",137
3633,"YBR207W",137
3634,"YOR104W",136
3635,"YEL006W",136
3636,"YMR171C",136
3637,"YIR033W",135
3638,"YHR119W",135
3639,"YLR278C",135
3640,"YGR099W",135
3641,"YNR048W",135
3642,"YHL010C",133
3643,"YDR362C",133
3644,"YLR014C",133
3645,"YBR060C",133
3646,"YJL146W",132
3647,"YGL032C",131
3648,"YHR033W",131
3649,"YNL328C",131
3650,"YJL095W",131
3651,"YJL218W",130
3652,"YGL209W",130
3653,"YKR055W",130
3654,"YDR111C",130
3655,"YLR256W",129
3656,"YDR443C",129
3657,"YBR133C",129
3658,"YHR086W",129
3659,"YFR019W",128
3660,"YCL051W",128
3661,"YML081W",127
3662,"YOL148C",127
3663,"YJL003W",127
3664,"YDR216W",127
3665,"YNL202W",127
3666,"YMR077C",126
3667,"YMR284W",126
3668,"YPR042C",126
3669,"YAL002W",126
3670,"YGR179C",126
3671,"YIR039C",125
3672,"YDR495C",125
3673,"YDR410C",125
3674,"YGL160W",125
3675,"YDL107W",125
3676,"YER144C",125
3677,"YGL144C",125
3678,"YKR007W",125
3679,"YDR479C",124
3680,"YMR138W",124
3681,"YDR131C",124
3682,"YMR224C",123
3683,"YOR081C",123
3684,"YDR118W",123
3685,"YOR026W",123
3686,"YOR162C",123
3687,"YLR383W",122
3688,"YPR046W",122
3689,"YOR231W",122
3690,"YNL260C",121
3691,"YNL011C",121
3692,"YMR291W",121
3693,"YOL152W",120
3694,"YPL075W",120
3695,"YDR422C",120
3696,"YNL148C",119
3697,"YDR109C",119
3698,"YIR010W",119
3699,"YOL158C",119
3700,"YMR299C",119
3701,"YBL091C-A",118
3702,"YLR392C",118
3703,"YGR256W",118
3704,"YOR127W",117
3705,"YBR280C",117
3706,"YJR089W",117
3707,"YAR018C",117
3708,"YNL107W",117
3709,"YGL166W",117
3710,"YKL034W",116
3711,"YNR061C",116
3712,"YHR162W;YGR243W",116
3713,"YNR009W",116
3714,"YHL014C",115
3715,"YLR193C",115
3716,"YNL080C",115
3717,"YAL011W",115
3718,"YOR269W",114
3719,"YNL329C",114
3720,"YJR011C",114
3721,"YFR045W",114
3722,"YKL062W",114
3723,"YBL021C",113
3724,"YLR173W",113
3725,"YML037C",113
3726,"YPR176C",113
3727,"YLR247C",113
3728,"YDR291W",113
3729,"YPR164W",112
3730,"YLR390W",112
3731,"YBL093C",112
3732,"YHR036W",112
3733,"YGR258C",112
3734,"YAL062W",112
3735,"YER005W",111
3736,"YOR322C",111
3737,"YCR068W",111
3738,"YCL024W",111
3739,"YDR213W",111
3740,"YKL049C",110
3741,"YGL236C",110
3742,"YLR032W",110
3743,"YPL071C",110
3744,"YLR036C",110
3745,"YKL133C",110
3746,"YKL101W",110
3747,"YER162C",110
3748,"YOR040W",109
3749,"YKL033W",109
3750,"YLL031C",109
3751,"YJR135C",109
3752,"YER095W",109
3753,"YDR207C",109
3754,"YLR299W",109
3755,"YGR046W",109
3756,"YNR039C",108
3757,"YKR010C",108
3758,"YPR155C",108
3759,"YDR034C",108
3760,"YKR058W",108
3761,"YIL173W;YJL222W",108
3762,"YMR035W",107
3763,"YML041C",107
3764,"YKL086W",107
3765,"YDR475C",107
3766,"YGR296W;YPL283C;YGR296W;YPL283C;YER190W;YNL339C;YPR204W",107
3767,"YDL059C",106
3768,"YLR207W",106
3769,"YDR392W",106
3770,"YBL080C",106
3771,"YNL268W",105
3772,"YNL238W",105
3773,"YDL093W",105
3774,"YLR223C",105
3775,"YOL009C",105
3776,"YMR064W",104
3777,"YOR299W",104
3778,"YBR062C",104
3779,"YJR122W",103
3780,"YLR417W",103
3781,"YDR325W",103
3782,"YPR011C",102
3783,"YPR114W",102
3784,"YHL032C",102
3785,"YGL093W",102
3786,"YNL234W",101
3787,"YPL194W",100
3788,"YLR360W",100
3789,"YLL027W",100
3790,"YBR255W",99
3791,"YGR091W",99
3792,"YPR119W",99
3793,"YOR371C",99
3794,"YIL045W",99
3795,"YPL157W",99
3796,"YFL036W",98
3797,"YER054C",97
3798,"YNL003C",97
3799,"YLR007W",97
3800,"YOL007C",96
3801,"YOL002C",96
3802,"YDR363W",96
3803,"YNR020C",96
3804,"YCR008W",96
3805,"YAR019C",95
3806,"YML006C",95
3807,"YER015W",94
3808,"YLR128W",94
3809,"YGR087C",94
3810,"YMR294W",94
3811,"YLR137W",94
3812,"YMR273C",94
3813,"YLR422W",94
3814,"YOR223W",94
3815,"YJL062W",94
3816,"YPR056W",94
3817,"YMR221C",94
3818,"YGL075C",93
3819,"YNL152W",93
3820,"YPR075C",93
3821,"YLR151C",93
3822,"YPR134W",93
3823,"YIR023W",93
3824,"YLR403W",93
3825,"YGL059W",93
3826,"YGR010W",92
3827,"YGL143C",92
3828,"YOR213C",92
3829,"YDR419W",92
3830,"YPR057W",92
3831,"YPL255W",91
3832,"YPL022W",91
3833,"YBR275C",91
3834,"YPR049C",91
3835,"YDR532C",91
3836,"YER152C",90
3837,"YGR161C",90
3838,"YOL034W",90
3839,"YDR334W",89
3840,"YOL089C",89
3841,"YBL046W",89
3842,"YMR287C",89
3843,"YCR081W",89
3844,"YPL072W",89
3845,"YDR219C",89
3846,"YML091C",89
3847,"YDR197W",89
3848,"YJR140C",89
3849,"YDR524C",89
3850,"YBR104W",89
3851,"YDR222W",88
3852,"YGR065C",88
3853,"YER132C",88
3854,"YOR144C",88
3855,"YOR386W",88
3856,"YPR022C",88
3857,"YBR140C",88
3858,"YGL140C",88
3859,"YDR113C",88
3860,"YDL220C",88
3861,"YJR035W",88
3862,"YLR174W",88
3863,"YDL105W",88
3864,"YNR031C",87
3865,"YDL104C",87
3866,"YOR193W",87
3867,"YML076C",87
3868,"YER040W",87
3869,"YPL113C",87
3870,"YMR283C",87
3871,"YLR425W",87
3872,"YIL040W",87
3873,"YER007W",86
3874,"YOL023W",86
3875,"YMR253C",86
3876,"YBL008W",86
3877,"YKL175W",86
3878,"YMR025W",86
3879,"YMR098C",86
3880,"YPL181W",85
3881,"YBR276C",85
3882,"YLR404W",85
3883,"YJR050W",85
3884,"YGR044C",85
3885,"YGR278W",85
3886,"YMR097C",85
3887,"YGR268C",85
3888,"YMR310C",84
3889,"YOL137W",84
3890,"YKL055C",84
3891,"YPR082C",83
3892,"YLR373C",83
3893,"YDR406W",83
3894,"YDR265W",82
3895,"YLL033W",82
3896,"YDR499W",82
3897,"YJR124C",82
3898,"YJL099W",82
3899,"YBR274W",82
3900,"YKL090W",82
3901,"YMR270C",81
3902,"YGR036C",81
3903,"YEL061C",81
3904,"YPR166C",81
3905,"YCR069W",81
3906,"YPL236C",81
3907,"YBR007C",81
3908,"YBL042C",81
3909,"YPR095C",80
3910,"YML038C",79
3911,"YDR128W",79
3912,"YNL126W",79
3913,"YJL091C",79
3914,"YBR038W",79
3915,"YIR015W",78
3916,"YDR142C",78
3917,"YER075C",78
3918,"YJR058C",78
3919,"YOL112W",77
3920,"YBL066C",77
3921,"YOL078W",77
3922,"YFL034W",77
3923,"YPL042C",77
3924,"YIR002C",77
3925,"YIL140W",76
3926,"YJR098C",76
3927,"YBR302C;YML132W;YBR302C;YML132W;YFL062W;YJR161C;YNL336W;YDL248W",76
3928,"YBR223C",76
3929,"YMR162C",76
3930,"YHR176W",76
3931,"YNL273W",76
3932,"YML113W",76
3933,"YKL124W",75
3934,"YLR117C",75
3935,"YDR520C",75
3936,"YPR158C-D",75
3937,"YAL008W",75
3938,"YBR044C",75
3939,"YLR423C",74
3940,"YLR190W",74
3941,"YLR253W",74
3942,"YDR159W",74
3943,"YKL121W",74
3944,"YPR122W",74
3945,"YIL066C",74
3946,"YKL048C",74
3947,"YBR175W",74
3948,"YKR101W",74
3949,"YDR107C",73
3950,"YJL102W",73
3951,"YGL113W",73
3952,"YPL040C",73
3953,"YOR093C",72
3954,"YIL169C",72
3955,"YHR166C",72
3956,"YIR032C",72
3957,"YPL133C",71
3958,"YDR318W",71
3959,"YOR295W",71
3960,"YPL011C",71
3961,"YMR271C",71
3962,"YCL036W",71
3963,"YLL054C",71
3964,"YGL255W",71
3965,"YLL058W",70
3966,"YBL084C",70
3967,"YPL150W",70
3968,"YHR120W",70
3969,"YKL098W",70
3970,"YLR233C",70
3971,"YNL094W",70
3972,"YJL078C",70
3973,"YOR191W",69
3974,"YDR323C",69
3975,"YGR257C",68
3976,"YDR464W",68
3977,"YDL073W",68
3978,"YDR132C",68
3979,"YOR059C",68
3980,"YNL103W",68
3981,"YHR082C",67
3982,"YDL070W",67
3983,"YOL128C",66
3984,"YLR064W",66
3985,"YLR084C",66
3986,"YFR027W",66
3987,"YEL072W",66
3988,"YBR097W",66
3989,"YPR084W",66
3990,"YLR424W",66
3991,"YML109W",65
3992,"YNL077W",65
3993,"YBL059W",65
3994,"YCR066W",65
3995,"YIR030C",65
3996,"YOL081W",65
3997,"YKL089W",65
3998,"YDL170W",65
3999,"YDL183C",64
4000,"YEL019C",64
4001,"YDR538W",64
4002,"YNL125C",64
4003,"YKL022C",63
4004,"YER147C",63
4005,"YLR431C",63
4006,"YDR090C",63
4007,"YDR416W",63
4008,"YJR078W",63
4009,"YFL033C",62
4010,"YLR436C",62
4011,"YLR289W",62
4012,"YDR367W",62
4013,"YHR129C",61
4014,"YIL150C",61
4015,"YOL063C",61
4016,"YBR070C",61
4017,"YML061C",60
4018,"YBL081W",60
4019,"YBR235W",60
4020,"YOL019W",60
4021,"YHR079C",60
4022,"YAL051W",60
4023,"YOR390W;YPL279C",60
4024,"YHL023C",60
4025,"YNR041C",60
4026,"YJR054W",60
4027,"YAL056W",60
4028,"YIR014W",59
4029,"YJL100W",59
4030,"YDR181C",59
4031,"YLR457C",59
4032,"Q0065",59
4033,"YJL127C",59
4034,"YJL134W",58
4035,"YBR132C",58
4036,"YBL063W",58
4037,"YHR150W",58
4038,"YDL149W",58
4039,"YDR217C",57
4040,"YLL051C",57
4041,"YER093C",57
4042,"YDL057W",57
4043,"YKL189W",57
4044,"YBR201W",57
4045,"YHR080C",57
4046,"YPR026W",56
4047,"YDR103W",56
4048,"YNL304W",56
4049,"YOR017W",55
4050,"YOL001W",55
4051,"YOR337W",55
4052,"YLR149C",55
4053,"YNL314W",55
4054,"YKL108W",55
4055,"YOR092W",55
4056,"YLR327C",55
4057,"YGR143W",55
4058,"YOL043C",55
4059,"YDR506C",55
4060,"YJR136C",54
4061,"YJL161W",54
4062,"YHR006W",54
4063,"YHR109W",54
4064,"YHR164C",54
4065,"YPL089C",54
4066,"YLL028W",54
4067,"YJL116C",54
4068,"YDR307W",53
4069,"YER024W",53
4070,"YJR013W",53
4071,"YDR456W",53
4072,"YOL119C",53
4073,"YLR094C",53
4074,"YJL110C",53
4075,"YBR220C",53
4076,"YKL072W",53
4077,"YGL002W",53
4078,"YMR262W",53
4079,"YIL147C",53
4080,"YLR265C",53
4081,"YDR423C",53
4082,"YHR116W",52
4083,"YLR098C",52
4084,"YFR048W",52
4085,"YGL216W",52
4086,"YMR066W",52
4087,"YJL149W",52
4088,"YHL025W",52
4089,"YGR071C",52
4090,"YIL031W",52
4091,"YMR119W",52
4092,"YDR205W",52
4093,"YDR369C",52
4094,"YJL162C",51
4095,"YOL116W",51
4096,"YLR446W",51
4097,"YMR023C",51
4098,"YHR182W",51
4099,"YDR374W-A",51
4100,"YDL033C",51
4101,"YGL175C",51
4102,"YEL065W",51
4103,"YJR095W",50
4104,"YDL119C",50
4105,"YIL055C",50
4106,"YER093C-A",50
4107,"YNL054W",50
4108,"YCR020C-A",50
4109,"YPR167C",50
4110,"YDL216C",50
4111,"YDR282C",50
4112,"YLR281C",50
4113,"YGL090W",50
4114,"YOR256C",50
4115,"YBR156C",49
4116,"YPL026C",49
4117,"YPL175W",49
4118,"YBR150C",49
4119,"YOL036W",48
4120,"YOR273C",48
4121,"YBR131W",48
4122,"YMR234W",48
4123,"YHR204W",48
4124,"YGL060W",48
4125,"YLR131C",48
4126,"YNL309W",47
4127,"YBR114W",47
4128,"YMR042W",47
4129,"YJL209W",47
4130,"YBR083W",47
4131,"YLR271W",47
4132,"YGR113W",46
4133,"YJL157C",46
4134,"YOR329C",46
4135,"YLR121C",46
4136,"YDR409W",46
4137,"YHR091C",46
4138,"YOR296W",46
4139,"YLR312C",46
4140,"YMR045C",45
4141,"YOR350C",45
4142,"YOR368W",44
4143,"YDL180W",44
4144,"YPL076W",44
4145,"YHL019C",44
4146,"YOR060C",44
4147,"YPR031W",44
4148,"YPL177C",44
4149,"YKL011C",44
4150,"YCR007C",44
4151,"YOL020W",44
4152,"YCR003W",43
4153,"YJL084C",43
4154,"YLR127C",43
4155,"YLR456W",43
4156,"YNL188W",43
4157,"YPL141C",43
4158,"YJL094C",43
4159,"YDR541C",43
4160,"YBR098W",42
4161,"YOR113W",42
4162,"YNL047C",42
4163,"YCR026C",42
4164,"YNL325C",42
4165,"YNL009W",41
4166,"YGL136C",41
4167,"YNL082W",41
4168,"YGR027W-B",41
4169,"YIL056W",41
4170,"YNL295W",41
4171,"YLR157C-B;YPL257W-B",41
4172,"YDR351W",41
4173,"YOR064C",41
4174,"YOR349W",41
4175,"YDR143C",41
4176,"YGL035C",41
4177,"YKL020C",41
4178,"YDR026C",40
4179,"YLR145W",40
4180,"YOL003C",40
4181,"YOR208W",40
4182,"YEL005C",40
4183,"YLR451W",40
4184,"YKR054C",40
4185,"YKR091W",40
4186,"YPR140W",40
4187,"YOL013C",39
4188,"YMR172W",39
4189,"YCR032W",39
4190,"YPL029W",39
4191,"YKL185W",39
4192,"YHR090C",39
4193,"YJR001W",39
4194,"YLR103C",38
4195,"YMR111C",38
4196,"YOR161C",38
4197,"YLR437C",38
4198,"YGR150C",38
4199,"YBR004C",38
4200,"YIL067C",38
4201,"YMR176W",38
4202,"YDR254W",38
4203,"YJR090C",38
4204,"YPR083W",37
4205,"YER064C",37
4206,"YIR031C",37
4207,"YBL060W",37
4208,"YOR037W",37
4209,"YIL121W",37
4210,"YOL011W",37
4211,"YHR096C",37
4212,"YHL027W",36
4213,"YDR077W",36
4214,"YPL052W",36
4215,"YLR016C",36
4216,"YCR028C",36
4217,"YDR126W",36
4218,"YJL016W",36
4219,"YLR176C",35
4220,"YGR295C",35
4221,"YHR168W",35
4222,"YPL224C",35
4223,"YLR130C",35
4224,"YPL155C",35
4225,"YDR540C",35
4226,"YMR201C",35
4227,"YMR182C",35
4228,"YBL005W",35
4229,"YFL009W",35
4230,"YOR342C",35
4231,"YHR159W",35
4232,"YDR284C",35
4233,"YDL176W",35
4234,"YER038C",35
4235,"YNR057C",34
4236,"YNL078W",34
4237,"YHR004C",34
4238,"YBL052C",34
4239,"YNL063W",33
4240,"YPL109C",33
4241,"YOL103W",33
4242,"YHR067W",33
4243,"YDR463W",33
4244,"YDL080C",33
4245,"YOR097C",33
4246,"YKL176C",33
4247,"YOL114C",33
4248,"YGR042W",32
4249,"YDL146W",32
4250,"YER033C",32
4251,"YJR141W",32
4252,"YBR043C",32
4253,"YOR023C",32
4254,"YDR014W",32
4255,"YDR130C",32
4256,"YJL057C",32
4257,"YPR101W",32
4258,"YDR415C",32
4259,"YGL162W",31
4260,"YJR053W",31
4261,"YGL219C",31
4262,"YML023C",31
4263,"YER041W",31
4264,"YAL054C",31
4265,"YGL229C",31
4266,"YMR155W",30
4267,"YPL174C",30
4268,"YOR372C",30
4269,"YPL005W",30
4270,"YNL058C",30
4271,"YJR052W",29
4272,"YER098W",29
4273,"YGR288W",29
4274,"YBR018C",29
4275,"YHR210C",29
4276,"YKR096W",29
4277,"YGL186C",29
4278,"YPL087W",29
4279,"YGL155W",29
4280,"YPL156C",28
4281,"YDR393W",28
4282,"YGL134W",28
4283,"YNL172W",28
4284,"YKL183W",28
4285,"YBR001C",28
4286,"YMR019W",28
4287,"YOL095C",28
4288,"YBR239C",28
4289,"YNL008C",28
4290,"YPL209C",27
4291,"YOR330C",27
4292,"YPL164C",27
4293,"YMR013C",27
4294,"YOR034C",27
4295,"YFL054C",27
4296,"YJL092W",27
4297,"YOR344C",27
4298,"YOL065C",26
4299,"YJL210W",26
4300,"YBL082C",26
4301,"YOR205C",26
4302,"YPL068C",26
4303,"YPR065W",26
4304,"YKR097W",26
4305,"YGR134W",26
4306,"YER051W",26
4307,"YGR062C",26
4308,"YDR332W",26
4309,"YGL250W",26
4310,"YMR030W",26
4311,"YKR064W",26
4312,"YPL230W",26
4313,"YMR198W",25
4314,"YLR105C",25
4315,"YJL153C",25
4316,"YDR052C",25
4317,"YLR381W",25
4318,"YGL079W",25
4319,"YBL075C",25
4320,"YJR015W",25
4321,"YHR078W",25
4322,"YOR083W",24
4323,"YHL018W",24
4324,"YML051W",24
4325,"YNL327W",24
4326,"YOR049C",24
4327,"YBR237W",24
4328,"YKR017C",24
4329,"YMR021C",24
4330,"YJL212C",24
4331,"YNL283C",24
4332,"YDR178W",24
4333,"YER138C",24
4334,"YDL035C",23
4335,"YBL005W-B",23
4336,"YOR249C",23
4337,"YGL021W",23
4338,"YOR100C",23
4339,"YKL146W",23
4340,"YKL125W",23
4341,"YBL019W",23
4342,"YPL242C",23
4343,"YLR234W",23
4344,"YPL041C",22
4345,"YDR488C",22
4346,"YCL038C",22
4347,"YNL029C",22
4348,"YBR105C",22
4349,"YKR039W",22
4350,"YBR158W",22
4351,"YNL025C",22
4352,"Q0050",22
4353,"YLR067C",22
4354,"YMR010W",22
4355,"YBL009W",22
4356,"YIR029W",22
4357,"YOR140W",22
4358,"YNL095C",21
4359,"YGL114W",21
4360,"YKR019C",21
4361,"YMR154C",21
4362,"YML099C",21
4363,"YDR302W",21
4364,"YMR046C",21
4365,"YAL034C",21
4366,"YNL065W",20
4367,"YKR093W",20
4368,"YLR125W",20
4369,"YKR009C",20
4370,"YPL202C",20
4371,"YML050W",20
4372,"YKL051W",20
4373,"YIL001W",20
4374,"YBR136W",20
4375,"YLR073C",19
4376,"YFL060C;YNL334C",19
4377,"YGL085W",19
4378,"YBR297W",19
4379,"YOR355W",19
4380,"YDR421W",19
4381,"YDR386W",19
4382,"YDL133W",19
4383,"YMR001C",19
4384,"YDL222C",18
4385,"YDR146C",18
4386,"YJL083W",18
4387,"YNR063W",18
4388,"YPL162C",18
4389,"YLR023C",17
4390,"YGR053C",17
4391,"YKL038W",17
4392,"YPL008W",17
4393,"YCR065W",17
4394,"YEL009C",17
4395,"YML068W",17
4396,"YOR066W",17
4397,"YGR216C",17
4398,"YGR217W",17
4399,"YIL071C",17
4400,"YKR041W",17
4401,"YHR202W",16
4402,"YJR106W",16
4403,"YBR270C",16
4404,"YLR141W",16
4405,"YOR071C",16
4406,"YER032W",16
4407,"YDL238C",16
4408,"YOR033C",16
4409,"YEL041W",16
4410,"YMR207C",16
4411,"YOL113W",16
4412,"YMR180C",16
4413,"YMR322C;YOR391C;YPL280W",15
4414,"YKL209C",15
4415,"YLR142W",15
4416,"YMR187C",15
4417,"YBL049W",15
4418,"YDR076W",15
4419,"YDR503C",15
4420,"YNL038W",15
4421,"YIL050W",15
4422,"YGL257C",15
4423,"YIL158W",15
4424,"YMR137C",15
4425,"YAL022C",15
4426,"YDR022C",14
4427,"YOL072W",14
4428,"YGL131C",14
4429,"YKL198C",14
4430,"YJR147W",14
4431,"YLR453C",14
4432,"YKL043W",14
4433,"YLR443W",14
4434,"YDR082W",14
4435,"YOR363C",14
4436,"YER173W",14
4437,"YNL190W",14
4438,"YDR259C",14
4439,"YML104C",13
4440,"YKR061W",13
4441,"YBR299W;YGR292W",13
4442,"YOR324C",13
4443,"YOR137C",13
4444,"YLR024C",13
4445,"YDR009W",13
4446,"YIL119C",13
4447,"YJL058C",13
4448,"YBR243C",13
4449,"YJR127C",12
4450,"YJL013C",12
4451,"YIL084C",12
4452,"YNL275W",12
4453,"YOR147W",12
4454,"YDL054C",12
4455,"YMR032W",12
4456,"YOR134W",12
4457,"YDR242W",12
4458,"YLR288C",12
4459,"YKR098C",12
4460,"YDR528W",12
4461,"YBR141C",12
4462,"YDR253C",12
4463,"YGR023W",11
4464,"YGL003C",11
4465,"YIL087C",11
4466,"YPR068C",11
4467,"YBR168W",11
4468,"YHL008C",11
4469,"YDL069C",11
4470,"YAL020C",11
4471,"YER167W",11
4472,"YGR041W",11
4473,"YNL230C",10
4474,"YIL151C",10
4475,"YOR264W",10
4476,"YJL193W",10
4477,"YOL122C",10
4478,"YDR370C",10
4479,"YDR275W",10
4480,"YML116W",10
4481,"YPL179W",10
4482,"YDL028C",10
4483,"YLR353W",10
4484,"YCL049C",9
4485,"YMR204C",9
4486,"YJL206C",9
4487,"YDR170W-A",9
4488,"YBR163W",9
4489,"YLR183C",9
4490,"YLR135W",9
4491,"YIL122W",9
4492,"YHR178W",9
4493,"YJL079C",9
4494,"YNR069C",9
4495,"YHR002W",9
4496,"YMR100W",9
4497,"YCR106W",9
4498,"YLR224W",9
4499,"YPL253C",9
4500,"YKL201C",9
4501,"YDR179W-A",8
4502,"YPR198W",8
4503,"YIR025W",8
4504,"YCL004W",8
4505,"YDR106W",8
4506,"YJR126C",8
4507,"YHR184W",8
4508,"YKL171W",8
4509,"YDR003W",8
4510,"YMR280C",8
4511,"YPR196W",7
4512,"YBR290W",7
4513,"YPL159C",7
4514,"YNR055C",7
4515,"YKL162C",7
4516,"YBL088C",7
4517,"YDL013W",7
4518,"YJR039W",6
4519,"YGR098C",6
4520,"YDL199C",6
4521,"YIL146C",6
4522,"YOR129C",6
4523,"YFR022W",6
4524,"YDL079C",6
4525,"YOR058C",6
4526,"YGL063W",5
4527,"Q0055",5
4528,"YLR035C",5
4529,"YMR190C",5
4530,"YOR346W",5
4531,"YOL017W",5
4532,"YER124C",5
4533,"YKR045C",5
4534,"YLR227W-B",5
4535,"YGL077C",5
4536,"YER184C",5
4537,"YPL268W",4
4538,"YDR249C",4
4539,"YFR029W",4
4540,"YJL056C",4
4541,"YFL025C",4
4542,"YMR094W",4
4543,"YOR334W",4
4544,"YBL014C",4
4545,"YGR014W",4
4546,"YGR249W",4
4547,"YGL128C",4
4548,"YHR031C",4
4549,"YJL093C",4
4550,"YMR088C",4
4551,"YMR006C",4
4552,"YKL015W",3
4553,"YKR069W",3
4554,"YMR191W",3
4555,"YBR021W",3
4556,"YBL106C",3
4557,"YPL269W",3
4558,"YDR270W",3
4559,"YGR110W",2
4560,"YDR501W",2
4561,"YAL028W",2
4562,"YNL291C",2
4563,"YHL028W",2
4564,"YGR188C",2
4565,"YOR192C-B",1
4566,"YDL231C",1
4567,"YMR081C",0
4568,"YJL187C",0
4569,"YKR075C",0
4570,"YPL147W",0
4571,"YPL060W",0
4572,"YLR254C",0
4573,"YDR210C-D",0
